
> world-os-deterministic-kernel@0.1.0 verify
> node scripts/run-with-canonical-runtime.mjs scripts/run-verify.mjs

[tianyan runtime] node=22.22.0 (/home/beelink/.cache/tianyan-runtime/node-v22.22.0-linux-x64/bin/node); npm=10

> world-os-deterministic-kernel@0.1.0 typecheck
> node scripts/run-with-canonical-runtime.mjs node_modules/typescript/bin/tsc -p apps/story-studio/tsconfig.json --noEmit

[tianyan runtime] node=22.22.0 (/home/beelink/.cache/tianyan-runtime/node-v22.22.0-linux-x64/bin/node); npm=10

> world-os-deterministic-kernel@0.1.0 lint
> node scripts/run-with-canonical-runtime.mjs --experimental-strip-types scripts/run-selected-tests.mjs lint

[tianyan runtime] node=22.22.0 (/home/beelink/.cache/tianyan-runtime/node-v22.22.0-linux-x64/bin/node); npm=10
[tianyan runtime] node=22.22.0 (/home/beelink/.cache/tianyan-runtime/node-v22.22.0-linux-x64/bin/node); npm=10
Feature index OK: 30 features, one Canon Writer, one WorldState owner, one Event owner, one NarrativeArrangement owner.
lint PASS: 10 package scripts; retired-source and feature-index invariants verified

> world-os-deterministic-kernel@0.1.0 test
> node scripts/run-with-canonical-runtime.mjs scripts/run-verify.mjs test:unit test:integration

[tianyan runtime] node=22.22.0 (/home/beelink/.cache/tianyan-runtime/node-v22.22.0-linux-x64/bin/node); npm=10

> world-os-deterministic-kernel@0.1.0 test:unit
> node scripts/run-with-canonical-runtime.mjs --experimental-strip-types scripts/run-selected-tests.mjs unit

[tianyan runtime] node=22.22.0 (/home/beelink/.cache/tianyan-runtime/node-v22.22.0-linux-x64/bin/node); npm=10
[tianyan runtime] node=22.22.0 (/home/beelink/.cache/tianyan-runtime/node-v22.22.0-linux-x64/bin/node); npm=10
TAP version 13
# Subtest: StoryAuthoringFlow defines the author-controlled story lifecycle
ok 1 - StoryAuthoringFlow defines the author-controlled story lifecycle
  ---
  duration_ms: 7.508361
  type: 'test'
  ...
# Subtest: AI suggestions cannot bypass AuthorDecision and modify the world
ok 2 - AI suggestions cannot bypass AuthorDecision and modify the world
  ---
  duration_ms: 1.051204
  type: 'test'
  ...
# Subtest: Accepted author decisions create traceable story events and sourced world updates
ok 3 - Accepted author decisions create traceable story events and sourced world updates
  ---
  duration_ms: 2.063792
  type: 'test'
  ...
# Subtest: StoryChapterState is stable after event commit
ok 4 - StoryChapterState is stable after event commit
  ---
  duration_ms: 0.617402
  type: 'test'
  ...
# Subtest: StoryWorkflowDashboardModel explains current work, next step, and pending decision
ok 5 - StoryWorkflowDashboardModel explains current work, next step, and pending decision
  ---
  duration_ms: 0.5094
  type: 'test'
  ...
# Subtest: StoryChangePreview builds a deterministic before-change-after preview without committing
ok 6 - StoryChangePreview builds a deterministic before-change-after preview without committing
  ---
  duration_ms: 14.421463
  type: 'test'
  ...
# Subtest: StoryChangePreview rejects rejected decisions and invalid evidence coverage
ok 7 - StoryChangePreview rejects rejected decisions and invalid evidence coverage
  ---
  duration_ms: 2.239707
  type: 'test'
  ...
# Subtest: StoryChangePreview traces every proposed change back to evidence
ok 8 - StoryChangePreview traces every proposed change back to evidence
  ---
  duration_ms: 1.038228
  type: 'test'
  ...
# Subtest: StoryCommitPipeline previews candidate changes before committing
ok 9 - StoryCommitPipeline previews candidate changes before committing
  ---
  duration_ms: 10.653115
  type: 'test'
  ...
# Subtest: StoryCommitPipeline commits accepted candidates with history without mutating input project
ok 10 - StoryCommitPipeline commits accepted candidates with history without mutating input project
  ---
  duration_ms: 2.564344
  type: 'test'
  ...
# Subtest: StoryCommitPipeline rejects pending and rejected candidates
ok 11 - StoryCommitPipeline rejects pending and rejected candidates
  ---
  duration_ms: 1.211188
  type: 'test'
  ...
# Subtest: StoryCommitPipeline rejects invalid world rules and duplicate events
ok 12 - StoryCommitPipeline rejects invalid world rules and duplicate events
  ---
  duration_ms: 1.186249
  type: 'test'
  ...
# Subtest: StoryDecisionWorkspace turns impact report into bounded author options
ok 13 - StoryDecisionWorkspace turns impact report into bounded author options
  ---
  duration_ms: 13.712621
  type: 'test'
  ...
# Subtest: pending and rejected decisions cannot create commit candidates
ok 14 - pending and rejected decisions cannot create commit candidates
  ---
  duration_ms: 0.874106
  type: 'test'
  ...
# Subtest: modified decision requires author content before candidate creation
ok 15 - modified decision requires author content before candidate creation
  ---
  duration_ms: 0.925737
  type: 'test'
  ...
# Subtest: accepted decision creates a commit candidate but not a StoryEventCommit
ok 16 - accepted decision creates a commit candidate but not a StoryEventCommit
  ---
  duration_ms: 1.12048
  type: 'test'
  ...
# Subtest: StoryEvidenceExplanation resolves deterministic evidence for every impact
ok 17 - StoryEvidenceExplanation resolves deterministic evidence for every impact
  ---
  duration_ms: 47.90547
  type: 'test'
  ...
# Subtest: StoryEvidenceExplanation makes source traces visible to the author
ok 18 - StoryEvidenceExplanation makes source traces visible to the author
  ---
  duration_ms: 4.729535
  type: 'test'
  ...
# Subtest: StoryEvidenceProjection turns evidence into non-black-box author explanations
ok 19 - StoryEvidenceProjection turns evidence into non-black-box author explanations
  ---
  duration_ms: 1.585142
  type: 'test'
  ...
# Subtest: clean Git artifact contains the complete story evidence source boundary
ok 20 - clean Git artifact contains the complete story evidence source boundary
  ---
  duration_ms: 568.356968
  type: 'test'
  ...
# Subtest: StoryImpactAnalysisEngine produces an explainable deterministic impact report
ok 21 - StoryImpactAnalysisEngine produces an explainable deterministic impact report
  ---
  duration_ms: 22.006805
  type: 'test'
  ...
# Subtest: StoryImpactAnalysisEngine detects relationship and event dependency effects
ok 22 - StoryImpactAnalysisEngine detects relationship and event dependency effects
  ---
  duration_ms: 0.595088
  type: 'test'
  ...
# Subtest: StoryImpactAnalysisEngine generates alternatives that are suggestions only
ok 23 - StoryImpactAnalysisEngine generates alternatives that are suggestions only
  ---
  duration_ms: 0.56013
  type: 'test'
  ...
# Subtest: StoryImpactAnalysisEngine cannot mutate project or commit events
ok 24 - StoryImpactAnalysisEngine cannot mutate project or commit events
  ---
  duration_ms: 1.071544
  type: 'test'
  ...
# Subtest: StoryAuthorIntent captures author input as deterministic inert data
ok 25 - StoryAuthorIntent captures author input as deterministic inert data
  ---
  duration_ms: 8.590195
  type: 'test'
  ...
# Subtest: IntentClassifier deterministically classifies change type and author priority
ok 26 - IntentClassifier deterministically classifies change type and author priority
  ---
  duration_ms: 0.485934
  type: 'test'
  ...
# Subtest: IntentImpactRequest connects AuthorIntent to ImpactAnalysis without modifying the world
ok 27 - IntentImpactRequest connects AuthorIntent to ImpactAnalysis without modifying the world
  ---
  duration_ms: 1.029561
  type: 'test'
  ...
# Subtest: AI and imported input cannot enter workflow without author confirmation
ok 28 - AI and imported input cannot enter workflow without author confirmation
  ---
  duration_ms: 5.803353
  type: 'test'
  ...
# Subtest: IntentHistory records source and author priority while tracking status
ok 29 - IntentHistory records source and author priority while tracking status
  ---
  duration_ms: 0.528467
  type: 'test'
  ...
# Subtest: Story Authoring Flow starts from AuthorInput before AuthorIntent
ok 30 - Story Authoring Flow starts from AuthorInput before AuthorIntent
  ---
  duration_ms: 0.365949
  type: 'test'
  ...
# Subtest: StoryManualSimulation turns raw author material into deterministic story product flow
ok 31 - StoryManualSimulation turns raw author material into deterministic story product flow
  ---
  duration_ms: 15.109253
  type: 'test'
  ...
# Subtest: StoryManualSimulation keeps author decision as an explicit gate before projection
ok 32 - StoryManualSimulation keeps author decision as an explicit gate before projection
  ---
  duration_ms: 6.580329
  type: 'test'
  ...
# Subtest: StoryManualSimulation creates no world mutation on the source project
ok 33 - StoryManualSimulation creates no world mutation on the source project
  ---
  duration_ms: 1.369228
  type: 'test'
  ...
# Subtest: StoryManualSimulation stays deterministic, local, and outside lower systems
ok 34 - StoryManualSimulation stays deterministic, local, and outside lower systems
  ---
  duration_ms: 0.559929
  type: 'test'
  ...
# Subtest: StoryProductUIModel projects Story World domain state into four author-facing panels
ok 35 - StoryProductUIModel projects Story World domain state into four author-facing panels
  ---
  duration_ms: 13.254963
  type: 'test'
  ...
# Subtest: StoryProductUIModel exposes Tianyi decision and inspect panels without chat-first behavior
ok 36 - StoryProductUIModel exposes Tianyi decision and inspect panels without chat-first behavior
  ---
  duration_ms: 1.269282
  type: 'test'
  ...
# Subtest: StoryProductUIModel validates primary actions, concept limits, and product wording
ok 37 - StoryProductUIModel validates primary actions, concept limits, and product wording
  ---
  duration_ms: 1.148114
  type: 'test'
  ...
# Subtest: StoryProductUIModel is a projection only and stays outside lower systems
ok 38 - StoryProductUIModel is a projection only and stays outside lower systems
  ---
  duration_ms: 1.602396
  type: 'test'
  ...
# Subtest: StoryProductValidation Scenario A verifies a simple story opening can be understood
ok 39 - StoryProductValidation Scenario A verifies a simple story opening can be understood
  ---
  duration_ms: 4.596494
  type: 'test'
  ...
# Subtest: StoryProductValidation Scenario B verifies direction changes expose impact and author choice
ok 40 - StoryProductValidation Scenario B verifies direction changes expose impact and author choice
  ---
  duration_ms: 7.898186
  type: 'test'
  ...
# Subtest: StoryProductValidation Scenario C verifies long-term changes surface consistency pressure
ok 41 - StoryProductValidation Scenario C verifies long-term changes surface consistency pressure
  ---
  duration_ms: 1.188634
  type: 'test'
  ...
# Subtest: StoryProductValidation scenario outputs remain deterministic and writer-facing
ok 42 - StoryProductValidation scenario outputs remain deterministic and writer-facing
  ---
  duration_ms: 13.208311
  type: 'test'
  ...
# Subtest: StoryScenePlanning turns a committed world event into an author-reviewable scene plan
ok 43 - StoryScenePlanning turns a committed world event into an author-reviewable scene plan
  ---
  duration_ms: 15.821632
  type: 'test'
  ...
# Subtest: StoryScenePlanning validates scene beat structure and rejects chapter text
ok 44 - StoryScenePlanning validates scene beat structure and rejects chapter text
  ---
  duration_ms: 1.875913
  type: 'test'
  ...
# Subtest: StoryScenePlanning requires author review before draft handoff
ok 45 - StoryScenePlanning requires author review before draft handoff
  ---
  duration_ms: 3.650226
  type: 'test'
  ...
# Subtest: StoryScenePlanning requires author notes for modified scene review
ok 46 - StoryScenePlanning requires author notes for modified scene review
  ---
  duration_ms: 1.494544
  type: 'test'
  ...
# Subtest: StoryScenePlanning does not mutate world state or create chapter prose
ok 47 - StoryScenePlanning does not mutate world state or create chapter prose
  ---
  duration_ms: 1.499644
  type: 'test'
  ...
# Subtest: Story World Template creates the first runnable novel domain project
ok 48 - Story World Template creates the first runnable novel domain project
  ---
  duration_ms: 19.634968
  type: 'test'
  ...
# Subtest: Story World data is independent and does not mutate generic Product Workspace
ok 49 - Story World data is independent and does not mutate generic Product Workspace
  ---
  duration_ms: 7.886002
  type: 'test'
  ...
# Subtest: Story World AI context is deterministic, clone-safe, and author-facing
ok 50 - Story World AI context is deterministic, clone-safe, and author-facing
  ---
  duration_ms: 0.805752
  type: 'test'
  ...
# Subtest: Story World validation catches missing world data without reaching lower systems
ok 51 - Story World validation catches missing world data without reaching lower systems
  ---
  duration_ms: 0.347703
  type: 'test'
  ...
# Subtest: Story World Template connects only to allowed product-side workspace runtime
ok 52 - Story World Template connects only to allowed product-side workspace runtime
  ---
  duration_ms: 0.451286
  type: 'test'
  ...
# Subtest: Story World Template leaves room for later CodeTemplate domains
ok 53 - Story World Template leaves room for later CodeTemplate domains
  ---
  duration_ms: 0.16784
  type: 'test'
  ...
# Subtest: StoryWritingWorkspace starts from accepted scene plans and exposes author working state
ok 54 - StoryWritingWorkspace starts from accepted scene plans and exposes author working state
  ---
  duration_ms: 12.74936
  type: 'test'
  ...
# Subtest: StoryWritingWorkspace prepares structured draft requests without prose generation
ok 55 - StoryWritingWorkspace prepares structured draft requests without prose generation
  ---
  duration_ms: 1.453474
  type: 'test'
  ...
# Subtest: StoryWritingWorkspace rejects unaccepted scenes before drafting
ok 56 - StoryWritingWorkspace rejects unaccepted scenes before drafting
  ---
  duration_ms: 1.129398
  type: 'test'
  ...
# Subtest: StoryWritingWorkspace protects locked elements and permits editable suggestions
ok 57 - StoryWritingWorkspace protects locked elements and permits editable suggestions
  ---
  duration_ms: 1.096653
  type: 'test'
  ...
# Subtest: StoryWritingWorkspace is deterministic, cloned, and does not mutate world state
ok 58 - StoryWritingWorkspace is deterministic, cloned, and does not mutate world state
  ---
  duration_ms: 1.281746
  type: 'test'
  ...
# Subtest: built-in Pi plugin declares stable host ABI without opening a dynamic loader
ok 59 - built-in Pi plugin declares stable host ABI without opening a dynamic loader
  ---
  duration_ms: 1.529563
  type: 'test'
  ...
# Subtest: registry is whitelist-only and records missing, disabled, incompatible and init-failure states
ok 60 - registry is whitelist-only and records missing, disabled, incompatible and init-failure states
  ---
  duration_ms: 0.99315
  type: 'test'
  ...
# Subtest: registry performs an explicit upgrade fallback and preserves host API compatibility rules
ok 61 - registry performs an explicit upgrade fallback and preserves host API compatibility rules
  ---
  duration_ms: 3.583596
  type: 'test'
  ...
# Subtest: built-in Pi plugin runs a host-scoped read-only tool loop without network or coding tools
ok 62 - built-in Pi plugin runs a host-scoped read-only tool loop without network or coding tools
  ---
  duration_ms: 573.214283
  type: 'test'
  ...
# Subtest: Pi adapter streams deterministic gateway chunks and reports bounded observability
ok 63 - Pi adapter streams deterministic gateway chunks and reports bounded observability
  ---
  duration_ms: 366.843179
  type: 'test'
  ...
# Subtest: Pi adapter routes every tool call through the injected approval boundary
ok 64 - Pi adapter routes every tool call through the injected approval boundary
  ---
  duration_ms: 5.467153
  type: 'test'
  ...
# Subtest: Pi adapter carries native event-graph candidate frames through author approval to the Relation owner port
ok 65 - Pi adapter carries native event-graph candidate frames through author approval to the Relation owner port
  ---
  duration_ms: 2.886116
  type: 'test'
  ...
# Subtest: Pi adapter preserves mixed text and multiple ordered native tool calls with fragmented arguments
ok 66 - Pi adapter preserves mixed text and multiple ordered native tool calls with fragmented arguments
  ---
  duration_ms: 3.2347
  type: 'test'
  ...
# Subtest: Pi adapter fails closed on malformed and unknown native tool frames
ok 67 - Pi adapter fails closed on malformed and unknown native tool frames
  ---
  duration_ms: 1.530304
  type: 'test'
  ...
# Subtest: Pi adapter propagates AbortSignal and isolates cancellation by project and work version
ok 68 - Pi adapter propagates AbortSignal and isolates cancellation by project and work version
  ---
  duration_ms: 6.3517
  type: 'test'
  ...
# Subtest: real Pi Agent package executes the six-tool prediction loop against a networkless stub model
ok 69 - real Pi Agent package executes the six-tool prediction loop against a networkless stub model
  ---
  duration_ms: 373.76057
  type: 'test'
  ...
# Subtest: prediction Pi runtime pins official MIT packages and exposes only the product allowlist
ok 70 - prediction Pi runtime pins official MIT packages and exposes only the product allowlist
  ---
  duration_ms: 0.619186
  type: 'test'
  ...
# Subtest: R4 support matrix names each requested semantic area without overstating gaps
ok 71 - R4 support matrix names each requested semantic area without overstating gaps
  ---
  duration_ms: 16.531054
  type: 'test'
  ...
# Subtest: R4 budget counts every Provider dispatch and never creates retry headroom implicitly
ok 72 - R4 budget counts every Provider dispatch and never creates retry headroom implicitly
  ---
  duration_ms: 0.264088
  type: 'test'
  ...
# Subtest: R4 synthetic cases record expected facts before any live request
ok 73 - R4 synthetic cases record expected facts before any live request
  ---
  duration_ms: 0.349086
  type: 'test'
  ...
# Subtest: real Pi Agent runtime executes the bounded temporal tool loop against the networkless stub
ok 74 - real Pi Agent runtime executes the bounded temporal tool loop against the networkless stub
  ---
  duration_ms: 436.708822
  type: 'test'
  ...
# Subtest: temporal projection tool allowlist contains no write or transport capability
ok 75 - temporal projection tool allowlist contains no write or transport capability
  ---
  duration_ms: 0.41237
  type: 'test'
  ...
# Subtest: Tianyi runtime keeps a recoverable plan, approvals and owner handoff in one adapter
ok 76 - Tianyi runtime keeps a recoverable plan, approvals and owner handoff in one adapter
  ---
  duration_ms: 13.174524
  type: 'test'
  ...
# Subtest: a fresh browser can recover only the current project/work-version Story Intake Envelope
ok 77 - a fresh browser can recover only the current project/work-version Story Intake Envelope
  ---
  duration_ms: 2.540288
  type: 'test'
  ...
# Subtest: runtime durably replays stream events and rejects a different work-version scope
ok 78 - runtime durably replays stream events and rejects a different work-version scope
  ---
  duration_ms: 1.661983
  type: 'test'
  ...
# Subtest: Story Intake fails explicitly when a Provider returns only text instead of the required native tool
ok 79 - Story Intake fails explicitly when a Provider returns only text instead of the required native tool
  ---
  duration_ms: 1.061294
  type: 'test'
  ...
# Subtest: event-line work records only the frozen ContextPack receipt without provider tools or semantic writes
ok 80 - event-line work records only the frozen ContextPack receipt without provider tools or semantic writes
  ---
  duration_ms: 0.674144
  type: 'test'
  ...
# Subtest: Tianyi runtime rejects unknown tools and preserves compaction anchors
ok 81 - Tianyi runtime rejects unknown tools and preserves compaction anchors
  ---
  duration_ms: 0.613876
  type: 'test'
  ...
# Subtest: Tianyi tool registry is explicit, bounded and owner-scoped
ok 82 - Tianyi tool registry is explicit, bounded and owner-scoped
  ---
  duration_ms: 0.289429
  type: 'test'
  ...
# Subtest: Tianyi runtime preserves author control across rejection, steering and cancellation
ok 83 - Tianyi runtime preserves author control across rejection, steering and cancellation
  ---
  duration_ms: 0.849398
  type: 'test'
  ...
# Subtest: a successful cancel remains terminal when a buffered Provider completion arrives late
ok 84 - a successful cancel remains terminal when a buffered Provider completion arrives late
  ---
  duration_ms: 1.636262
  type: 'test'
  ...
# Subtest: cancel waits for an in-progress owner append instead of losing to a same-run write conflict
ok 85 - cancel waits for an in-progress owner append instead of losing to a same-run write conflict
  ---
  duration_ms: 3.07144
  type: 'test'
  ...
# Subtest: same-Session runs serialize their owner writes without sharing or losing their projections
ok 86 - same-Session runs serialize their owner writes without sharing or losing their projections
  ---
  duration_ms: 6.281212
  type: 'test'
  ...
# Subtest: a cancel that arrives after durable completion reports completion, while a failed cancel is never optimistic
ok 87 - a cancel that arrives after durable completion reports completion, while a failed cancel is never optimistic
  ---
  duration_ms: 1.529333
  type: 'test'
  ...
# Subtest: native product tool requests pause for durable author approval before provider retry
ok 88 - native product tool requests pause for durable author approval before provider retry
  ---
  duration_ms: 2.599323
  type: 'test'
  ...
# Subtest: rejected native product tool request remains non-executable after recovery
ok 89 - rejected native product tool request remains non-executable after recovery
  ---
  duration_ms: 3.435355
  type: 'test'
  ...
# Subtest: configured production run path never disguises Provider unavailable with fixture output
ok 90 - configured production run path never disguises Provider unavailable with fixture output
  ---
  duration_ms: 2.08836
  type: 'test'
  ...
# Subtest: artifact tool writes only after approval through the Workspace owner and keeps provenance
ok 91 - artifact tool writes only after approval through the Workspace owner and keeps provenance
  ---
  duration_ms: 2.017892
  type: 'test'
  ...
# Subtest: storage-owned WorkspacePathPolicy rejects traversal, absolute paths and non-artifact roots
ok 92 - storage-owned WorkspacePathPolicy rejects traversal, absolute paths and non-artifact roots
  ---
  duration_ms: 1.628026
  type: 'test'
  ...
# Subtest: entity tool only hands approved character/item/location proposals to pending owner
ok 93 - entity tool only hands approved character/item/location proposals to pending owner
  ---
  duration_ms: 0.506574
  type: 'test'
  ...
# Subtest: event graph tool submits only an approved relation candidate to the existing Relation owner
ok 94 - event graph tool submits only an approved relation candidate to the existing Relation owner
  ---
  duration_ms: 0.409885
  type: 'test'
  ...
# Subtest: simulation ContextPack freezes an explicit allowlist and excludes unselected branches
ok 95 - simulation ContextPack freezes an explicit allowlist and excludes unselected branches
  ---
  duration_ms: 1.684477
  type: 'test'
  ...
# Subtest: strict simulation without an anchor is insufficient and does not create an allowlist
ok 96 - strict simulation without an anchor is insufficient and does not create an allowlist
  ---
  duration_ms: 0.212757
  type: 'test'
  ...
# Subtest: an author-selected draft remains an Anchor without acquiring Canon authority
ok 97 - an author-selected draft remains an Anchor without acquiring Canon authority
  ---
  duration_ms: 0.20884
  type: 'test'
  ...
# Subtest: an author-selected pending candidate remains an Anchor without acquiring confirmed authority
ok 98 - an author-selected pending candidate remains an Anchor without acquiring confirmed authority
  ---
  duration_ms: 0.195032
  type: 'test'
  ...
# Subtest: an author-selected creation projection remains a frozen anchor and honors the source budget
ok 99 - an author-selected creation projection remains a frozen anchor and honors the source budget
  ---
  duration_ms: 0.252135
  type: 'test'
  ...
# Subtest: simulation direction is inferred locally without an extra provider call
ok 100 - simulation direction is inferred locally without an extra provider call
  ---
  duration_ms: 0.271783
  type: 'test'
  ...
# Subtest: strict card templates accept structure but never content, values, identities, assets, or executable references
ok 101 - strict card templates accept structure but never content, values, identities, assets, or executable references
  ---
  duration_ms: 6.262094
  type: 'test'
  ...
# Subtest: template slots, definitions, and block references are bounded and internally consistent
ok 102 - template slots, definitions, and block references are bounded and internally consistent
  ---
  duration_ms: 7.626443
  type: 'test'
  ...
# Subtest: template schema default-rejects dangerous keys, content values, inheritance, remote data, and excessive structures
ok 103 - template schema default-rejects dangerous keys, content values, inheritance, remote data, and excessive structures
  ---
  duration_ms: 1.210897
  type: 'test'
  ...
# Subtest: combined card history aligns shared operations without merging owner ledgers
ok 104 - combined card history aligns shared operations without merging owner ledgers
  ---
  duration_ms: 12.758078
  type: 'test'
  ...
# Subtest: character world projection keeps confirmed Graph truth separate and resolves every source live
ok 105 - character world projection keeps confirmed Graph truth separate and resolves every source live
  ---
  duration_ms: 9.44871
  type: 'test'
  ...
# Subtest: map markers never infer current location and Timeline entries deduplicate across tracks
ok 106 - map markers never infer current location and Timeline entries deduplicate across tracks
  ---
  duration_ms: 0.370918
  type: 'test'
  ...
# Subtest: typed character properties use one readable flat frontmatter contract
ok 107 - typed character properties use one readable flat frontmatter contract
  ---
  duration_ms: 4.027477
  type: 'test'
  ...
# Subtest: number boolean enum and reference values reject unsafe or lossy input
ok 108 - number boolean enum and reference values reject unsafe or lossy input
  ---
  duration_ms: 0.791253
  type: 'test'
  ...
# Subtest: property type changes require explicit loss and selection decisions
ok 109 - property type changes require explicit loss and selection decisions
  ---
  duration_ms: 0.780172
  type: 'test'
  ...
# Subtest: enum option edits never silently discard the selected value
ok 110 - enum option edits never silently discard the selected value
  ---
  duration_ms: 0.230382
  type: 'test'
  ...
# Subtest: malformed external flat fields produce diagnostics without inventing values
ok 111 - malformed external flat fields produce diagnostics without inventing values
  ---
  duration_ms: 0.322924
  type: 'test'
  ...
# Subtest: template application is deterministic, missing-only, idempotent, and preserves all authored values and presentation
ok 112 - template application is deterministic, missing-only, idempotent, and preserves all authored values and presentation
  ---
  duration_ms: 4.525725
  type: 'test'
  ...
# Subtest: property type conflicts are visible and never overwrite existing definitions
ok 113 - property type conflicts are visible and never overwrite existing definitions
  ---
  duration_ms: 0.787777
  type: 'test'
  ...
# Subtest: templates extracted from a character contain structure only
ok 114 - templates extracted from a character contain structure only
  ---
  duration_ms: 0.741636
  type: 'test'
  ...
# Subtest: derived Recall Index searches bounded NFC Chinese text with stable filters and exact provenance
ok 115 - derived Recall Index searches bounded NFC Chinese text with stable filters and exact provenance
  ---
  duration_ms: 411.967849
  type: 'test'
  ...
# Subtest: Recall Index is project-default-deny and reports missing, corrupt, and invalid without scanning fallback
ok 116 - Recall Index is project-default-deny and reports missing, corrupt, and invalid without scanning fallback
  ---
  duration_ms: 259.287091
  type: 'test'
  ...
# Subtest: exact message deletion preserves order and identity while purging content and rebuild residue
ok 117 - exact message deletion preserves order and identity while purging content and rebuild residue
  ---
  duration_ms: 477.187491
  type: 'test'
  ...
# Subtest: Session hard delete removes it from rebuilt search and leaves only a content-free tombstone
ok 118 - Session hard delete removes it from rebuilt search and leaves only a content-free tombstone
  ---
  duration_ms: 366.685529
  type: 'test'
  ...
# Subtest: character memory query joins only the selected character's event evidence and compatible heard ledger records
ok 119 - character memory query joins only the selected character's event evidence and compatible heard ledger records
  ---
  duration_ms: 12.593002
  type: 'test'
  ...
# Subtest: derived work version query requires the exact source revision
ok 120 - derived work version query requires the exact source revision
  ---
  duration_ms: 0.370257
  type: 'test'
  ...
# Subtest: N2C persists raw heard provenance once and recalls it only for the recipient in a valid later scene
ok 121 - N2C persists raw heard provenance once and recalls it only for the recipient in a valid later scene
  ---
  duration_ms: 60.348929
  type: 'test'
  ...
# Subtest: N2C excludes future, other-work-version, other-project, and invalidated records while retaining history
ok 122 - N2C excludes future, other-work-version, other-project, and invalidated records while retaining history
  ---
  duration_ms: 51.828892
  type: 'test'
  ...
# Subtest: revoke and restore append independent revisions without rewinding history
ok 123 - revoke and restore append independent revisions without rewinding history
  ---
  duration_ms: 121.36071
  type: 'test'
  ...
# Subtest: hard delete purges active/history/temp/index/staging content and leaves a no-content tombstone
ok 124 - hard delete purges active/history/temp/index/staging content and leaves a no-content tombstone
  ---
  duration_ms: 56.27972
  type: 'test'
  ...
# Subtest: Archive, Receipt, and Stopping Point hard delete independently without cascading to Memory
ok 125 - Archive, Receipt, and Stopping Point hard delete independently without cascading to Memory
  ---
  duration_ms: 76.102066
  type: 'test'
  ...
# Subtest: Pack export enforces sensitivity, integrity, sorted paths, and conservative credential detection
ok 126 - Pack export enforces sensitivity, integrity, sorted paths, and conservative credential detection
  ---
  duration_ms: 74.46869
  type: 'test'
  ...
# Subtest: hostile import remains staged, rejects traversal/symlink/authority input, and never overwrites canonical owners
ok 127 - hostile import remains staged, rejects traversal/symlink/authority input, and never overwrites canonical owners
  ---
  duration_ms: 221.713194
  type: 'test'
  ...
# Subtest: multi-owner operations preserve successful owners and report later failure without destructive rollback
ok 128 - multi-owner operations preserve successful owners and report later failure without destructive rollback
  ---
  duration_ms: 97.4108
  type: 'test'
  ...
# Subtest: continuity roots are canonical, private, and reject root/intermediate/final symlinks
ok 129 - continuity roots are canonical, private, and reject root/intermediate/final symlinks
  ---
  duration_ms: 23.990169
  type: 'test'
  ...
# Subtest: strict schemas normalize NFC and reject unknown, dangerous, restricted, rejected, and oversized data
ok 130 - strict schemas normalize NFC and reject unknown, dangerous, restricted, rejected, and oversized data
  ---
  duration_ms: 7.109087
  type: 'test'
  ...
# Subtest: Persona and Relationship Policy keep independent hashes and revision ledgers
ok 131 - Persona and Relationship Policy keep independent hashes and revision ledgers
  ---
  duration_ms: 46.915116
  type: 'test'
  ...
# Subtest: Memory IDs are monotonic under concurrent allocation and global grants are default-deny and hash-bound
ok 132 - Memory IDs are monotonic under concurrent allocation and global grants are default-deny and hash-bound
  ---
  duration_ms: 176.04624
  type: 'test'
  ...
# Subtest: Archive append requires exact hash and next sequence
ok 133 - Archive append requires exact hash and next sequence
  ---
  duration_ms: 20.860354
  type: 'test'
  ...
# Subtest: Context Receipt is immutable and bounded while stopping points are project-local
ok 134 - Context Receipt is immutable and bounded while stopping points are project-local
  ---
  duration_ms: 22.396009
  type: 'test'
  ...
# Subtest: provider Context Receipt binding stores only server-resolved identity, revision, UTF-16 range, and digest
ok 135 - provider Context Receipt binding stores only server-resolved identity, revision, UTF-16 range, and digest
  ---
  duration_ms: 1.72692
  type: 'test'
  ...
# Subtest: embedding compatibility covers vector-space and chunking identity
ok 136 - embedding compatibility covers vector-space and chunking identity
  ---
  duration_ms: 0.64187
  type: 'test'
  ...
# Subtest: an incompatible dataset binding is blocked with an explicit rebuild gate
ok 137 - an incompatible dataset binding is blocked with an explicit rebuild gate
  ---
  duration_ms: 0.527465
  type: 'test'
  ...
# Subtest: changing global Embedding default never rewrites existing dataset manifests
ok 138 - changing global Embedding default never rewrites existing dataset manifests
  ---
  duration_ms: 0.171026
  type: 'test'
  ...
# Subtest: excluded-source reasons retain source-specific provenance categories
ok 139 - excluded-source reasons retain source-specific provenance categories
  ---
  duration_ms: 1.127534
  type: 'test'
  ...
# Subtest: unknown or generic excluded-source reasons fail closed
ok 140 - unknown or generic excluded-source reasons fail closed
  ---
  duration_ms: 0.412279
  type: 'test'
  ...
# Subtest: projection uses deterministic priority, contains no prose, and fingerprints every runtime input
ok 141 - projection uses deterministic priority, contains no prose, and fingerprints every runtime input
  ---
  duration_ms: 10.954236
  type: 'test'
  ...
# Subtest: author-global Memory is exact-selection and project-grant default deny
ok 142 - author-global Memory is exact-selection and project-grant default deny
  ---
  duration_ms: 115.433493
  type: 'test'
  ...
# Subtest: bounded source material enforces exact ranges, Unicode-safe limits, and structured redaction
ok 143 - bounded source material enforces exact ranges, Unicode-safe limits, and structured redaction
  ---
  duration_ms: 9.353242
  type: 'test'
  ...
# Subtest: question uses the exact Receipt sources and rejects TOCTOU answers as current
ok 144 - question uses the exact Receipt sources and rejects TOCTOU answers as current
  ---
  duration_ms: 7.122934
  type: 'test'
  ...
# Subtest: Archive-backed question writes exact v2 message refs and rejects a Receipt draft that omits actual use
ok 145 - Archive-backed question writes exact v2 message refs and rejects a Receipt draft that omits actual use
  ---
  duration_ms: 2.623872
  type: 'test'
  ...
# Subtest: continuation resolves an ordinal to the actual title and body in the bound reply
ok 146 - continuation resolves an ordinal to the actual title and body in the bound reply
  ---
  duration_ms: 6.826021
  type: 'test'
  ...
# Subtest: continuation resolves a real title without hard-coding fixture titles
ok 147 - continuation resolves a real title without hard-coding fixture titles
  ---
  duration_ms: 0.695806
  type: 'test'
  ...
# Subtest: continuation ignores excluded titles and resolves common item ordinals
ok 148 - continuation ignores excluded titles and resolves common item ordinals
  ---
  duration_ms: 0.433431
  type: 'test'
  ...
# Subtest: continuation asks the author when title and ordinal conflict
ok 149 - continuation asks the author when title and ordinal conflict
  ---
  duration_ms: 0.296612
  type: 'test'
  ...
# Subtest: continuation keeps whole-reply editing explicit and selected target identity separate
ok 150 - continuation keeps whole-reply editing explicit and selected target identity separate
  ---
  duration_ms: 0.212176
  type: 'test'
  ...
# Subtest: continuation refuses missing instructions, stale replies, and absent targets
ok 151 - continuation refuses missing instructions, stale replies, and absent targets
  ---
  duration_ms: 0.510833
  type: 'test'
  ...
# Subtest: ordinary questions remain unchanged
ok 152 - ordinary questions remain unchanged
  ---
  duration_ms: 0.683502
  type: 'test'
  ...
# Subtest: creation evidence recognizes rendered ordered-list items without browser-generated numbers
ok 153 - creation evidence recognizes rendered ordered-list items without browser-generated numbers
  ---
  duration_ms: 2.71495
  type: 'test'
  ...
# Subtest: creation evidence recognizes ordered Markdown and standalone heading blocks without fixed titles
ok 154 - creation evidence recognizes ordered Markdown and standalone heading blocks without fixed titles
  ---
  duration_ms: 0.766635
  type: 'test'
  ...
# Subtest: body character count excludes title, numbering, Markdown, whitespace, punctuation, symbols, and format characters
ok 155 - body character count excludes title, numbering, Markdown, whitespace, punctuation, symbols, and format characters
  ---
  duration_ms: 0.151137
  type: 'test'
  ...
# Subtest: Creative capture persists exact source before extraction, converges retries, and reconstructs after restart
ok 156 - Creative capture persists exact source before extraction, converges retries, and reconstructs after restart
  ---
  duration_ms: 476.441666
  type: 'test'
  ...
# Subtest: configured Tianyi Creative collaboration uses the selected Provider profile after source capture
ok 157 - configured Tianyi Creative collaboration uses the selected Provider profile after source capture
  ---
  duration_ms: 256.584425
  type: 'test'
  ...
# Subtest: Creative lifecycle preserves safe points, provider-unavailable recovery, stale protection, and idempotent close
ok 158 - Creative lifecycle preserves safe points, provider-unavailable recovery, stale protection, and idempotent close
  ---
  duration_ms: 879.448814
  type: 'test'
  ...
# Subtest: tianyi.fixture is deterministic and covers all frozen safe states
ok 159 - tianyi.fixture is deterministic and covers all frozen safe states
  ---
  duration_ms: 20.288351
  type: 'test'
  ...
# Subtest: fixture input is strict, provider transfer is denied, and malformed authority fields are rejected
ok 160 - fixture input is strict, provider transfer is denied, and malformed authority fields are rejected
  ---
  duration_ms: 1.217901
  type: 'test'
  ...
# Subtest: fixture source has no clock, random, model, network, filesystem, or repository authority
ok 161 - fixture source has no clock, random, model, network, filesystem, or repository authority
  ---
  duration_ms: 0.551453
  type: 'test'
  ...
# Subtest: adversarial relationship copy is rejected
ok 162 - adversarial relationship copy is rejected
  ---
  duration_ms: 0.703541
  type: 'test'
  ...
# Subtest: Object Context references dedupe identical entry paths without copying content
ok 163 - Object Context references dedupe identical entry paths without copying content
  ---
  duration_ms: 7.185637
  type: 'test'
  ...
# Subtest: Grounded repair diagnostic reports only field/type and bounded source differences
ok 164 - Grounded repair diagnostic reports only field/type and bounded source differences
  ---
  duration_ms: 1.107525
  type: 'test'
  ...
# Subtest: Object Context rejects more than four explicit sources and disagreeing duplicates
ok 165 - Object Context rejects more than four explicit sources and disagreeing duplicates
  ---
  duration_ms: 2.657538
  type: 'test'
  ...
# Subtest: Object Context accepts a bounded item reference without copying evidence prose
ok 166 - Object Context accepts a bounded item reference without copying evidence prose
  ---
  duration_ms: 0.186246
  type: 'test'
  ...
# Subtest: Object Context accepts a faction reference for an author-selected world material
ok 167 - Object Context accepts a faction reference for an author-selected world material
  ---
  duration_ms: 0.191225
  type: 'test'
  ...
# Subtest: Object Context accepts a revision-frozen author map drawing without copying geometry
ok 168 - Object Context accepts a revision-frozen author map drawing without copying geometry
  ---
  duration_ms: 0.159634
  type: 'test'
  ...
# Subtest: Grounded answer accepts a confirmed fake-betrayal fact with exact current source
ok 169 - Grounded answer accepts a confirmed fake-betrayal fact with exact current source
  ---
  duration_ms: 1.088166
  type: 'test'
  ...
# Subtest: Grounded answer restores provider-double-escaped paragraph breaks without broadly unescaping prose
ok 170 - Grounded answer restores provider-double-escaped paragraph breaks without broadly unescaping prose
  ---
  duration_ms: 0.246705
  type: 'test'
  ...
# Subtest: Grounded answer recovers a fenced provider JSON object before applying the same strict source checks
ok 171 - Grounded answer recovers a fenced provider JSON object before applying the same strict source checks
  ---
  duration_ms: 3.80001
  type: 'test'
  ...
# Subtest: Grounded answer rejects facts without evidence and citations to excluded sources
ok 172 - Grounded answer rejects facts without evidence and citations to excluded sources
  ---
  duration_ms: 2.749778
  type: 'test'
  ...
# Subtest: Removing necessary evidence requires an explicit unknown result
ok 173 - Removing necessary evidence requires an explicit unknown result
  ---
  duration_ms: 0.393503
  type: 'test'
  ...
# Subtest: Black Forest ambush remains conditional and preserves the heavy-cavalry retreat constraint
ok 174 - Black Forest ambush remains conditional and preserves the heavy-cavalry retreat constraint
  ---
  duration_ms: 0.307043
  type: 'test'
  ...
# Subtest: Selection references carry only a stable owner range and content hash
ok 175 - Selection references carry only a stable owner range and content hash
  ---
  duration_ms: 0.16811
  type: 'test'
  ...
# Subtest: grounded request validation is exact and never falls back to author access
ok 176 - grounded request validation is exact and never falls back to author access
  ---
  duration_ms: 2.391405
  type: 'test'
  ...
# Subtest: grounded event sources require stable event references and bind them into the manifest
ok 177 - grounded event sources require stable event references and bind them into the manifest
  ---
  duration_ms: 8.733286
  type: 'test'
  ...
# Subtest: explicit event relevance order survives a long-body budget within the evidence lane
ok 178 - explicit event relevance order survives a long-body budget within the evidence lane
  ---
  duration_ms: 1.270895
  type: 'test'
  ...
# Subtest: one deterministic manifest covers included, excluded, budget-omitted and conflicting sources
ok 179 - one deterministic manifest covers included, excluded, budget-omitted and conflicting sources
  ---
  duration_ms: 3.782736
  type: 'test'
  ...
# Subtest: author access may include current explicit content while character access requires subject knowledge
ok 180 - author access may include current explicit content while character access requires subject knowledge
  ---
  duration_ms: 0.620899
  type: 'test'
  ...
# Subtest: question retrieval reaches a decisive event beyond the old first-six cap
ok 181 - question retrieval reaches a decisive event beyond the old first-six cap
  ---
  duration_ms: 12.916739
  type: 'test'
  ...
# Subtest: explicit selected evidence survives a low relevance score while removal and pinning remain deterministic
ok 182 - explicit selected evidence survives a low relevance score while removal and pinning remain deterministic
  ---
  duration_ms: 1.571014
  type: 'test'
  ...
# Subtest: changing the question changes deterministic evidence selection without retaining an old preview
ok 183 - changing the question changes deterministic evidence selection without retaining an old preview
  ---
  duration_ms: 1.529262
  type: 'test'
  ...
# Subtest: automatic retrieval does not fill a non-empty scope with zero-score events
ok 184 - automatic retrieval does not fill a non-empty scope with zero-score events
  ---
  duration_ms: 5.329473
  type: 'test'
  ...
# Subtest: explicit zero-score evidence remains available within the shared request limit
ok 185 - explicit zero-score evidence remains available within the shared request limit
  ---
  duration_ms: 1.015284
  type: 'test'
  ...
# Subtest: clean-start identity bootstraps before Provider dispatch and freezes exact owner history
ok 186 - clean-start identity bootstraps before Provider dispatch and freezes exact owner history
  ---
  duration_ms: 616.920299
  type: 'test'
  ...
# Subtest: identity preview is zero-write; canonical half-pair recovers; custom or historyless half-pair fails closed
ok 187 - identity preview is zero-write; canonical half-pair recovers; custom or historyless half-pair fails closed
  ---
  duration_ms: 221.545847
  type: 'test'
  ...
# Subtest: identity bootstrap converges after before-persona-create
ok 188 - identity bootstrap converges after before-persona-create
  ---
  duration_ms: 69.310242
  type: 'test'
  ...
# Subtest: identity bootstrap converges after after-persona-create
ok 189 - identity bootstrap converges after after-persona-create
  ---
  duration_ms: 110.468736
  type: 'test'
  ...
# Subtest: identity bootstrap converges after before-policy-create
ok 190 - identity bootstrap converges after before-policy-create
  ---
  duration_ms: 188.385515
  type: 'test'
  ...
# Subtest: identity bootstrap converges after after-policy-create
ok 191 - identity bootstrap converges after after-policy-create
  ---
  duration_ms: 51.58331
  type: 'test'
  ...
# Subtest: identity bootstrap converges after before-snapshot
ok 192 - identity bootstrap converges after before-snapshot
  ---
  duration_ms: 249.9649
  type: 'test'
  ...
# Subtest: deliberate duplicate questions are distinct while one submission is locally idempotent
ok 193 - deliberate duplicate questions are distinct while one submission is locally idempotent
  ---
  duration_ms: 1656.422294
  type: 'test'
  ...
# Subtest: same submission with a different payload fails QUESTION_ATTEMPT_MISMATCH
ok 194 - same submission with a different payload fails QUESTION_ATTEMPT_MISMATCH
  ---
  duration_ms: 184.523333
  type: 'test'
  ...
# Subtest: unknown Provider outcome never auto-redispatches and explicit retry retains one local artifact set
ok 195 - unknown Provider outcome never auto-redispatches and explicit retry retains one local artifact set
  ---
  duration_ms: 184.982283
  type: 'test'
  ...
# Subtest: terminal Provider failure retains one author and reservation for timeout
ok 196 - terminal Provider failure retains one author and reservation for timeout
  ---
  duration_ms: 88.809073
  type: 'test'
  ...
# Subtest: terminal Provider failure retains one author and reservation for abort
ok 197 - terminal Provider failure retains one author and reservation for abort
  ---
  duration_ms: 78.741979
  type: 'test'
  ...
# Subtest: terminal Provider failure retains one author and reservation for 429
ok 198 - terminal Provider failure retains one author and reservation for 429
  ---
  duration_ms: 78.833379
  type: 'test'
  ...
# Subtest: terminal Provider failure retains one author and reservation for 500
ok 199 - terminal Provider failure retains one author and reservation for 500
  ---
  duration_ms: 66.70635
  type: 'test'
  ...
# Subtest: terminal Provider failure retains one author and reservation for malformed-json
ok 200 - terminal Provider failure retains one author and reservation for malformed-json
  ---
  duration_ms: 78.092845
  type: 'test'
  ...
# Subtest: terminal Provider failure retains one author and reservation for forbidden-extra-field
ok 201 - terminal Provider failure retains one author and reservation for forbidden-extra-field
  ---
  duration_ms: 84.548308
  type: 'test'
  ...
# Subtest: terminal Provider failure retains one author and reservation for invalid-repair
ok 202 - terminal Provider failure retains one author and reservation for invalid-repair
  ---
  duration_ms: 76.11936
  type: 'test'
  ...
# Subtest: orphan Receipt reservation remains consumed and is never rebound
ok 203 - orphan Receipt reservation remains consumed and is never rebound
  ---
  duration_ms: 98.692306
  type: 'test'
  ...
# Subtest: occupied reserved Receipt target fails closed without alternate finalization
ok 204 - occupied reserved Receipt target fails closed without alternate finalization
  ---
  duration_ms: 75.354789
  type: 'test'
  ...
# Subtest: malformed attempt state and closed partial Session both fail closed
ok 205 - malformed attempt state and closed partial Session both fail closed
  ---
  duration_ms: 68.627001
  type: 'test'
  ...
# Subtest: multiple Receipt or assistant artifacts for one attempt fail closed
ok 206 - multiple Receipt or assistant artifacts for one attempt fail closed
  ---
  duration_ms: 178.575937
  type: 'test'
  ...
# Subtest: Receipt submission envelope tampering fails closed during recovery
ok 207 - Receipt submission envelope tampering fails closed during recovery
  ---
  duration_ms: 97.996299
  type: 'test'
  ...
# Subtest: Receipt author-message envelope tampering fails closed during recovery
ok 208 - Receipt author-message envelope tampering fails closed during recovery
  ---
  duration_ms: 69.102765
  type: 'test'
  ...
# Subtest: Receipt response-message envelope tampering fails closed during recovery
ok 209 - Receipt response-message envelope tampering fails closed during recovery
  ---
  duration_ms: 100.552388
  type: 'test'
  ...
# Subtest: Receipt session envelope tampering fails closed during recovery
ok 210 - Receipt session envelope tampering fails closed during recovery
  ---
  duration_ms: 75.159506
  type: 'test'
  ...
# Subtest: Receipt manifest-envelope envelope tampering fails closed during recovery
ok 211 - Receipt manifest-envelope envelope tampering fails closed during recovery
  ---
  duration_ms: 83.435644
  type: 'test'
  ...
# Subtest: Receipt provider envelope tampering fails closed during recovery
ok 212 - Receipt provider envelope tampering fails closed during recovery
  ---
  duration_ms: 93.077613
  type: 'test'
  ...
# Subtest: Receipt profile-model envelope tampering fails closed during recovery
ok 213 - Receipt profile-model envelope tampering fails closed during recovery
  ---
  duration_ms: 88.071194
  type: 'test'
  ...
# Subtest: completed recovery rejects assistant-content-only without Provider or local writes
ok 214 - completed recovery rejects assistant-content-only without Provider or local writes
  ---
  duration_ms: 100.270565
  type: 'test'
  ...
# Subtest: completed recovery rejects assistant-and-receipt-digest without Provider or local writes
ok 215 - completed recovery rejects assistant-and-receipt-digest without Provider or local writes
  ---
  duration_ms: 101.190531
  type: 'test'
  ...
# Subtest: completed recovery rejects missing-result-staged without Provider or local writes
ok 216 - completed recovery rejects missing-result-staged without Provider or local writes
  ---
  duration_ms: 103.782028
  type: 'test'
  ...
# Subtest: completed recovery rejects duplicate-result-staged without Provider or local writes
ok 217 - completed recovery rejects duplicate-result-staged without Provider or local writes
  ---
  duration_ms: 104.36868
  type: 'test'
  ...
# Subtest: completed recovery rejects malformed-result-staged without Provider or local writes
ok 218 - completed recovery rejects malformed-result-staged without Provider or local writes
  ---
  duration_ms: 98.208576
  type: 'test'
  ...
# Subtest: completed recovery rejects result-staged-digest-mismatch without Provider or local writes
ok 219 - completed recovery rejects result-staged-digest-mismatch without Provider or local writes
  ---
  duration_ms: 116.506078
  type: 'test'
  ...
# Subtest: completed recovery rejects result-staged-operation-mismatch without Provider or local writes
ok 220 - completed recovery rejects result-staged-operation-mismatch without Provider or local writes
  ---
  duration_ms: 105.53519
  type: 'test'
  ...
# Subtest: completed recovery rejects receipt-response-identity-mismatch without Provider or local writes
ok 221 - completed recovery rejects receipt-response-identity-mismatch without Provider or local writes
  ---
  duration_ms: 110.736883
  type: 'test'
  ...
# Subtest: after-result-staged restart completes without another Provider dispatch
ok 222 - after-result-staged restart completes without another Provider dispatch
  ---
  duration_ms: 101.881227
  type: 'test'
  ...
# Subtest: after-receipt-committed restart completes without another Provider dispatch
ok 223 - after-receipt-committed restart completes without another Provider dispatch
  ---
  duration_ms: 119.479777
  type: 'test'
  ...
# Subtest: after-assistant-appended restart completes without another Provider dispatch
ok 224 - after-assistant-appended restart completes without another Provider dispatch
  ---
  duration_ms: 94.71638
  type: 'test'
  ...
# Subtest: concurrent same-submission calls claim one initial Provider dispatch and one local artifact set
ok 225 - concurrent same-submission calls claim one initial Provider dispatch and one local artifact set
  ---
  duration_ms: 93.843757
  type: 'test'
  ...
# Subtest: identity is revalidated before the repair Provider call
ok 226 - identity is revalidated before the repair Provider call
  ---
  duration_ms: 62.225954
  type: 'test'
  ...
# Subtest: real SIGKILL at after-identity-snapshot recovers in a new process
ok 227 - real SIGKILL at after-identity-snapshot recovers in a new process
  ---
  duration_ms: 319.449544
  type: 'test'
  ...
# Subtest: real SIGKILL at before-receipt-reservation recovers in a new process
ok 228 - real SIGKILL at before-receipt-reservation recovers in a new process
  ---
  duration_ms: 304.268571
  type: 'test'
  ...
# Subtest: real SIGKILL at after-receipt-reservation recovers in a new process
ok 229 - real SIGKILL at after-receipt-reservation recovers in a new process
  ---
  duration_ms: 300.457749
  type: 'test'
  ...
# Subtest: real SIGKILL at before-author-append recovers in a new process
ok 230 - real SIGKILL at before-author-append recovers in a new process
  ---
  duration_ms: 300.449202
  type: 'test'
  ...
# Subtest: real SIGKILL at after-author-prepared recovers in a new process
ok 231 - real SIGKILL at after-author-prepared recovers in a new process
  ---
  duration_ms: 303.260801
  type: 'test'
  ...
# Subtest: real SIGKILL at before-provider-dispatch recovers in a new process
ok 232 - real SIGKILL at before-provider-dispatch recovers in a new process
  ---
  duration_ms: 313.103024
  type: 'test'
  ...
# Subtest: real SIGKILL at after-provider-result recovers in a new process
ok 233 - real SIGKILL at after-provider-result recovers in a new process
  ---
  duration_ms: 325.640208
  type: 'test'
  ...
# Subtest: real SIGKILL at before-result-staged recovers in a new process
ok 234 - real SIGKILL at before-result-staged recovers in a new process
  ---
  duration_ms: 314.647046
  type: 'test'
  ...
# Subtest: real SIGKILL at after-result-staged recovers in a new process
ok 235 - real SIGKILL at after-result-staged recovers in a new process
  ---
  duration_ms: 292.437624
  type: 'test'
  ...
# Subtest: real SIGKILL at before-receipt-commit recovers in a new process
ok 236 - real SIGKILL at before-receipt-commit recovers in a new process
  ---
  duration_ms: 315.783447
  type: 'test'
  ...
# Subtest: real SIGKILL at after-receipt-committed recovers in a new process
ok 237 - real SIGKILL at after-receipt-committed recovers in a new process
  ---
  duration_ms: 305.128177
  type: 'test'
  ...
# Subtest: real SIGKILL at before-assistant-append recovers in a new process
ok 238 - real SIGKILL at before-assistant-append recovers in a new process
  ---
  duration_ms: 299.084643
  type: 'test'
  ...
# Subtest: real SIGKILL at after-assistant-appended recovers in a new process
ok 239 - real SIGKILL at after-assistant-appended recovers in a new process
  ---
  duration_ms: 292.649139
  type: 'test'
  ...
# Subtest: real SIGKILL at after-completed-state recovers in a new process
ok 240 - real SIGKILL at after-completed-state recovers in a new process
  ---
  duration_ms: 306.968751
  type: 'test'
  ...
# Subtest: identity preview is read-only and the first explicit question initializes durable identity
ok 241 - identity preview is read-only and the first explicit question initializes durable identity
  ---
  duration_ms: 554.191988
  type: 'test'
  ...
# Subtest: local Tianyi resolves an event only from a version-bound server reference
ok 242 - local Tianyi resolves an event only from a version-bound server reference
  ---
  duration_ms: 615.726685
  type: 'test'
  ...
# Subtest: grounded provider answer reuses Session and Receipt owners with reference-only sources and zero Story writes
ok 243 - grounded provider answer reuses Session and Receipt owners with reference-only sources and zero Story writes
  ---
  duration_ms: 1654.118021
  type: 'test'
  ...
# Subtest: grounded answer includes an explicitly selected chapter as current writing evidence
ok 244 - grounded answer includes an explicitly selected chapter as current writing evidence
  ---
  duration_ms: 301.672463
  type: 'test'
  ...
# Subtest: grounded answer sends the selected setting body and excludes an unselected imported source
ok 245 - grounded answer sends the selected setting body and excludes an unselected imported source
  ---
  duration_ms: 194.544316
  type: 'test'
  ...
# Subtest: grounded answer sends an explicitly selected generic file revision and preserves old-answer source identity
ok 246 - grounded answer sends an explicitly selected generic file revision and preserves old-answer source identity
  ---
  duration_ms: 162.767942
  type: 'test'
  ...
# Subtest: product Pack operations export explicit owners and return read-only staging DTOs
ok 247 - product Pack operations export explicit owners and return read-only staging DTOs
  ---
  duration_ms: 130.416087
  type: 'test'
  ...
# Subtest: sessions persist candidates, require consent, resume after restart, and stop all normal append after close
ok 248 - sessions persist candidates, require consent, resume after restart, and stop all normal append after close
  ---
  duration_ms: 467.01004
  type: 'test'
  ...
# Subtest: Archive Recall feeds exact v2 Receipt provenance and missed-memory consent without cross-project or canonical writes
ok 249 - Archive Recall feeds exact v2 Receipt provenance and missed-memory consent without cross-project or canonical writes
  ---
  duration_ms: 262.003203
  type: 'test'
  ...
# Subtest: temporary Sessions write zero Archive/Receipt, retain only exact selection, never enter Pack, and disappear on close/restart
ok 250 - temporary Sessions write zero Archive/Receipt, retain only exact selection, never enter Pack, and disappear on close/restart
  ---
  duration_ms: 69.623607
  type: 'test'
  ...
# Subtest: source return records an exact message action and normal Session rollover keeps bidirectional links
ok 251 - source return records an exact message action and normal Session rollover keeps bidirectional links
  ---
  duration_ms: 115.962692
  type: 'test'
  ...
# Subtest: Memory lifecycle invalidates global grants and hard delete leaves no active owner
ok 252 - Memory lifecycle invalidates global grants and hard delete leaves no active owner
  ---
  duration_ms: 123.945234
  type: 'test'
  ...
# Subtest: Tianyi resolves a selected map drawing by exact map revision and turns later edits stale
ok 253 - Tianyi resolves a selected map drawing by exact map revision and turns later edits stale
  ---
  duration_ms: 47.736038
  type: 'test'
  ...
# Subtest: request budget projection is deterministic, provider-neutral, and priority ordered
ok 254 - request budget projection is deterministic, provider-neutral, and priority ordered
  ---
  duration_ms: 2.183857
  type: 'test'
  ...
# Subtest: required current context is atomic and blocks rather than truncating
ok 255 - required current context is atomic and blocks rather than truncating
  ---
  duration_ms: 0.548006
  type: 'test'
  ...
# Subtest: missing required context blocks the entire request projection
ok 256 - missing required context blocks the entire request projection
  ---
  duration_ms: 0.309428
  type: 'test'
  ...
# Subtest: whole candidates are excluded explicitly and the caller-owned Archive input is untouched
ok 257 - whole candidates are excluded explicitly and the caller-owned Archive input is untouched
  ---
  duration_ms: 0.476936
  type: 'test'
  ...
# Subtest: authorized Memory proof and exact candidate identity fail closed
ok 258 - authorized Memory proof and exact candidate identity fail closed
  ---
  duration_ms: 1.500456
  type: 'test'
  ...
# Subtest: unit estimation is NFC-stable and never returns a zero-cost item
ok 259 - unit estimation is NFC-stable and never returns a zero-cost item
  ---
  duration_ms: 0.084927
  type: 'test'
  ...
# Subtest: E1 subject-scoped grounded packet is deterministic, leak-free, receipt-equivalent and restart-stable
ok 260 - E1 subject-scoped grounded packet is deterministic, leak-free, receipt-equivalent and restart-stable
  ---
  duration_ms: 2364.683326
  type: 'test'
  ...
# Subtest: single formal role handoff carries one stable SubjectRef and no story prose
ok 261 - single formal role handoff carries one stable SubjectRef and no story prose
  ---
  duration_ms: 14.455991
  type: 'test'
  ...
# Subtest: author comparison never masquerades as a role request and stale roles fail closed
ok 262 - author comparison never masquerades as a role request and stale roles fail closed
  ---
  duration_ms: 2.320245
  type: 'test'
  ...
# Subtest: R4 character drop keeps stable identities, deduplicates, and preserves order
ok 263 - R4 character drop keeps stable identities, deduplicates, and preserves order
  ---
  duration_ms: 1.684107
  type: 'test'
  ...
# Subtest: R4 character drop fails honestly for wrong project, stale or candidate references, and overflow
ok 264 - R4 character drop fails honestly for wrong project, stale or candidate references, and overflow
  ---
  duration_ms: 0.362823
  type: 'test'
  ...
# Subtest: Character State projects world state, knowledge, belief, misinformation and unknown without creating truth
ok 265 - Character State projects world state, knowledge, belief, misinformation and unknown without creating truth
  ---
  duration_ms: 18.348893
  type: 'test'
  ...
# Subtest: scope rejects future, other-branch and other-character leakage
ok 266 - scope rejects future, other-branch and other-character leakage
  ---
  duration_ms: 0.863616
  type: 'test'
  ...
# Subtest: knowledge-boundary tool declaration is complete and author-facing
ok 267 - knowledge-boundary tool declaration is complete and author-facing
  ---
  duration_ms: 0.172909
  type: 'test'
  ...
# Subtest: unknown world time is retained and never interpolated
ok 268 - unknown world time is retained and never interpolated
  ---
  duration_ms: 0.980946
  type: 'test'
  ...
# Subtest: conflict and stale sources remain visible but do not become current knowledge
ok 269 - conflict and stale sources remain visible but do not become current knowledge
  ---
  duration_ms: 0.199662
  type: 'test'
  ...
# Subtest: knowledge boundary distinguishes verified, belief, secret, omniscient, missing, conflict and stale
ok 270 - knowledge boundary distinguishes verified, belief, secret, omniscient, missing, conflict and stale
  ---
  duration_ms: 0.98355
  type: 'test'
  ...
# Subtest: state comparison explains only sourced changes
ok 271 - state comparison explains only sourced changes
  ---
  duration_ms: 0.638173
  type: 'test'
  ...
# Subtest: causal index traverses the existing Relation contract by Event ID without inventing a fact
ok 272 - causal index traverses the existing Relation contract by Event ID without inventing a fact
  ---
  duration_ms: 1.70174
  type: 'test'
  ...
# Subtest: event narrative layout advances left to right across stable main and branch tracks
ok 273 - event narrative layout advances left to right across stable main and branch tracks
  ---
  duration_ms: 1.309311
  type: 'test'
  ...
# Subtest: pinned Event positions survive source-compatible recomposition and revisions follow source versions
ok 274 - pinned Event positions survive source-compatible recomposition and revisions follow source versions
  ---
  duration_ms: 3.972769
  type: 'test'
  ...
# Subtest: branch navigation exposes stable fork, merge and track identities
ok 275 - branch navigation exposes stable fork, merge and track identities
  ---
  duration_ms: 0.581642
  type: 'test'
  ...
# Subtest: formal workspace exposes grouped navigation and keeps narrative layout out of temporal projection
ok 276 - formal workspace exposes grouped navigation and keeps narrative layout out of temporal projection
  ---
  duration_ms: 9.263437
  type: 'test'
  ...
# Subtest: density fixture represents branches, merges, groups and blocked candidates instead of a card wall
ok 277 - density fixture represents branches, merges, groups and blocked candidates instead of a card wall
  ---
  duration_ms: 5.484708
  type: 'test'
  ...
# Subtest: event-line deep links converge on one task preset without inventing another route
ok 278 - event-line deep links converge on one task preset without inventing another route
  ---
  duration_ms: 1.785225
  type: 'test'
  ...
# Subtest: observation state migrates legacy peer views into coordinate and lens axes
ok 279 - observation state migrates legacy peer views into coordinate and lens axes
  ---
  duration_ms: 0.41746
  type: 'test'
  ...
# Subtest: saved observation state keeps only validated view fields and drops missing or informal focus
ok 280 - saved observation state keeps only validated view fields and drops missing or informal focus
  ---
  duration_ms: 0.321672
  type: 'test'
  ...
# Subtest: invalid saved state safely falls back and unsupported combinations are coerced only during recovery
ok 281 - invalid saved state safely falls back and unsupported combinations are coerced only during recovery
  ---
  duration_ms: 4.554983
  type: 'test'
  ...
# Subtest: participation keeps direct, witnessed, explicit absence and unknown distinct
ok 282 - participation keeps direct, witnessed, explicit absence and unknown distinct
  ---
  duration_ms: 11.788073
  type: 'test'
  ...
# Subtest: focus trajectories keep weak evidence visible while unknown and explicit absence break the path
ok 283 - focus trajectories keep weak evidence visible while unknown and explicit absence break the path
  ---
  duration_ms: 1.473482
  type: 'test'
  ...
# Subtest: world-time coordinate differs from narrative order and preserves unknown as unknown
ok 284 - world-time coordinate differs from narrative order and preserves unknown as unknown
  ---
  duration_ms: 1.964968
  type: 'test'
  ...
# Subtest: conflicting direct and absence evidence never silently becomes absence
ok 285 - conflicting direct and absence evidence never silently becomes absence
  ---
  duration_ms: 1.059851
  type: 'test'
  ...
# Subtest: character perspective removes locations and items from restored focus
ok 286 - character perspective removes locations and items from restored focus
  ---
  duration_ms: 0.414113
  type: 'test'
  ...
# Subtest: R11.1 keeps the old matrix reading mode but defaults new participation to trajectory
ok 287 - R11.1 keeps the old matrix reading mode but defaults new participation to trajectory
  ---
  duration_ms: 0.521123
  type: 'test'
  ...
# Subtest: perspective comparison does not turn arbitrary formal relations into knowledge
ok 288 - perspective comparison does not turn arbitrary formal relations into knowledge
  ---
  duration_ms: 2.237282
  type: 'test'
  ...
# Subtest: a confirmed upstream relation without propagation evidence stays a blind spot
ok 289 - a confirmed upstream relation without propagation evidence stays a blind spot
  ---
  duration_ms: 0.261083
  type: 'test'
  ...
# Subtest: single perspective defaults to evidence-backed events and reveals blind spots only when requested
ok 290 - single perspective defaults to evidence-backed events and reveals blind spots only when requested
  ---
  duration_ms: 0.320009
  type: 'test'
  ...
# Subtest: single perspective returns an honest empty projection when no formal evidence exists
ok 291 - single perspective returns an honest empty projection when no formal evidence exists
  ---
  duration_ms: 0.140195
  type: 'test'
  ...
# Subtest: selection cardinality switches deterministically between single and compare modes
ok 292 - selection cardinality switches deterministically between single and compare modes
  ---
  duration_ms: 0.18851
  type: 'test'
  ...
# Subtest: places, items and tag-only evidence cannot become psychological perspective owners
ok 293 - places, items and tag-only evidence cannot become psychological perspective owners
  ---
  duration_ms: 10.857266
  type: 'test'
  ...
# Subtest: single perspective distinguishes witnessed evidence from direct participation
ok 294 - single perspective distinguishes witnessed evidence from direct participation
  ---
  duration_ms: 1.76199
  type: 'test'
  ...
# Subtest: same-name formal characters are isolated by stable subject id in the reachable perspective projection
ok 295 - same-name formal characters are isolated by stable subject id in the reachable perspective projection
  ---
  duration_ms: 0.260401
  type: 'test'
  ...
# Subtest: advanced perspective consumes stable Owner projection ids instead of filtered display tags
ok 296 - advanced perspective consumes stable Owner projection ids instead of filtered display tags
  ---
  duration_ms: 0.530491
  type: 'test'
  ...
# Subtest: advanced perspective keeps Owner belief, suspicion, denial, and contradiction visible
ok 297 - advanced perspective keeps Owner belief, suspicion, denial, and contradiction visible
  ---
  duration_ms: 0.474712
  type: 'test'
  ...
# Subtest: Event semantic hierarchy reuses event ids and keeps adjacency separate from causality
ok 298 - Event semantic hierarchy reuses event ids and keeps adjacency separate from causality
  ---
  duration_ms: 9.972408
  type: 'test'
  ...
# Subtest: local indicators stay unknown without evidence and expose provenance when present
ok 299 - local indicators stay unknown without evidence and expose provenance when present
  ---
  duration_ms: 0.749541
  type: 'test'
  ...
# Subtest: status and story-line labels distinguish prediction from confirmed fact
ok 300 - status and story-line labels distinguish prediction from confirmed fact
  ---
  duration_ms: 0.932079
  type: 'test'
  ...
# Subtest: ISO calendar dates remain exact while explicit intervals remain ranges
ok 301 - ISO calendar dates remain exact while explicit intervals remain ranges
  ---
  duration_ms: 0.577775
  type: 'test'
  ...
# Subtest: one Event can project into multiple storylines without duplication
ok 302 - one Event can project into multiple storylines without duplication
  ---
  duration_ms: 5.035215
  type: 'test'
  ...
# Subtest: restricted projection excludes hidden claim text rather than styling it
ok 303 - restricted projection excludes hidden claim text rather than styling it
  ---
  duration_ms: 7.350361
  type: 'test'
  ...
# Subtest: author sees facts while a misled character sees sourced belief state
ok 304 - author sees facts while a misled character sees sourced belief state
  ---
  duration_ms: 0.956127
  type: 'test'
  ...
# Subtest: reader projection omits reader-hidden Event body and title
ok 305 - reader projection omits reader-hidden Event body and title
  ---
  duration_ms: 0.281833
  type: 'test'
  ...
# Subtest: author comparison keeps the union and marks each character's knowledge difference
ok 306 - author comparison keeps the union and marks each character's knowledge difference
  ---
  duration_ms: 0.870338
  type: 'test'
  ...
# Subtest: role-facing single projection still discards another character's secret before API or ContextPack
ok 307 - role-facing single projection still discards another character's secret before API or ContextPack
  ---
  duration_ms: 0.597653
  type: 'test'
  ...
# Subtest: same-name formal characters are isolated by stable id and labels never choose the first match
ok 308 - same-name formal characters are isolated by stable id and labels never choose the first match
  ---
  duration_ms: 2.61317
  type: 'test'
  ...
# Subtest: a legacy display-name Event remains readable only when that name is unique
ok 309 - a legacy display-name Event remains readable only when that name is unique
  ---
  duration_ms: 0.609537
  type: 'test'
  ...
# Subtest: knowledge subject access without explicit evidence is informed, not experienced
ok 310 - knowledge subject access without explicit evidence is informed, not experienced
  ---
  duration_ms: 3.747828
  type: 'test'
  ...
# Subtest: request enforces ordered 1–4 same-project versioned unique sources and registered modes
ok 311 - request enforces ordered 1–4 same-project versioned unique sources and registered modes
  ---
  duration_ms: 2.543453
  type: 'test'
  ...
# Subtest: bundle isolates candidate identities, allows branches/merges, rejects cycles and internal fields
ok 312 - bundle isolates candidate identities, allows branches/merges, rejects cycles and internal fields
  ---
  duration_ms: 2.949811
  type: 'test'
  ...
# Subtest: review gate allows unknown time but blocks unresolved identity, conflict, non-ready, and missing path
ok 313 - review gate allows unknown time but blocks unresolved identity, conflict, non-ready, and missing path
  ---
  duration_ms: 1.087445
  type: 'test'
  ...
# Subtest: acceptance supports partial path selections without widening them
ok 314 - acceptance supports partial path selections without widening them
  ---
  duration_ms: 0.614797
  type: 'test'
  ...
# Subtest: deterministic gateway resolves actual existing Event identities without exposing its execution internals
ok 315 - deterministic gateway resolves actual existing Event identities without exposing its execution internals
  ---
  duration_ms: 0.450955
  type: 'test'
  ...
# Subtest: author intent inserts before/after, moves within and across Story Units, and keeps stable Placement identity
ok 316 - author intent inserts before/after, moves within and across Story Units, and keeps stable Placement identity
  ---
  duration_ms: 16.612604
  type: 'test'
  ...
# Subtest: one Event can have multiple formal Placements without copying Event content
ok 317 - one Event can have multiple formal Placements without copying Event content
  ---
  duration_ms: 1.10034
  type: 'test'
  ...
# Subtest: projection uses formal keys across Story Unit order and never derives narrative order from Event input
ok 318 - projection uses formal keys across Story Unit order and never derives narrative order from Event input
  ---
  duration_ms: 1.409267
  type: 'test'
  ...
# Subtest: legacy projection returns every Event as unplaced and performs no fallback arrangement
ok 319 - legacy projection returns every Event as unplaced and performs no fallback arrangement
  ---
  duration_ms: 0.217527
  type: 'test'
  ...
# Subtest: stale revisions, bad anchors, branch mismatch and idempotency reuse are explicit conflicts
ok 320 - stale revisions, bad anchors, branch mismatch and idempotency reuse are explicit conflicts
  ---
  duration_ms: 0.919064
  type: 'test'
  ...
# Subtest: read projection exposes duplicate formal keys and dangling references without inventing an order
ok 321 - read projection exposes duplicate formal keys and dangling references without inventing an order
  ---
  duration_ms: 1.992121
  type: 'test'
  ...
# Subtest: rollback appends history and restores a prior formal arrangement revision
ok 322 - rollback appends history and restores a prior formal arrangement revision
  ---
  duration_ms: 1.770316
  type: 'test'
  ...
# Subtest: rebalancing changes only internal keys and leaves visible order intact
ok 323 - rebalancing changes only internal keys and leaves visible order intact
  ---
  duration_ms: 0.36647
  type: 'test'
  ...
# Subtest: current schema round-trip and later Writer mutations preserve explicit extension fields
ok 324 - current schema round-trip and later Writer mutations preserve explicit extension fields
  ---
  duration_ms: 1.00833
  type: 'test'
  ...
# Subtest: project directory contract is a stable read-only navigation projection
ok 325 - project directory contract is a stable read-only navigation projection
  ---
  duration_ms: 0.875659
  type: 'test'
  ...
# Subtest: project directory contract owns no story facts or file-system tree
ok 326 - project directory contract owns no story facts or file-system tree
  ---
  duration_ms: 0.370126
  type: 'test'
  ...
# Subtest: Story Intake envelope preserves exact evidence, BaseVersion and candidate-only lifecycle
ok 327 - Story Intake envelope preserves exact evidence, BaseVersion and candidate-only lifecycle
  ---
  duration_ms: 3.111979
  type: 'test'
  ...
# Subtest: Story Intake v1 migrates legacy aliases only at the read boundary and writes canonical types
ok 328 - Story Intake v1 migrates legacy aliases only at the read boundary and writes canonical types
  ---
  duration_ms: 1.205978
  type: 'test'
  ...
# Subtest: Story Intake rejects missing evidence, invented excerpts and derived-version semantics
ok 329 - Story Intake rejects missing evidence, invented excerpts and derived-version semantics
  ---
  duration_ms: 1.145178
  type: 'test'
  ...
# Subtest: propose_story_intake validates its native tool frame and produces no formal story write
ok 330 - propose_story_intake validates its native tool frame and produces no formal story write
  ---
  duration_ms: 0.658914
  type: 'test'
  ...
# Subtest: local story checks are deterministic, network-free and detect structural integrity failures
ok 331 - local story checks are deterministic, network-free and detect structural integrity failures
  ---
  duration_ms: 6.371949
  type: 'test'
  ...
# Subtest: non-temporal directed cycles never produce temporal-cycle findings
ok 332 - non-temporal directed cycles never produce temporal-cycle findings
  ---
  duration_ms: 0.247526
  type: 'test'
  ...
# Subtest: story modeling source manifest is versioned, canonical and duplicate safe
ok 333 - story modeling source manifest is versioned, canonical and duplicate safe
  ---
  duration_ms: 1.32459
  type: 'test'
  ...
# Subtest: scope recommendation keeps cache, incremental and full-book as author-overridable advice
ok 334 - scope recommendation keeps cache, incremental and full-book as author-overridable advice
  ---
  duration_ms: 0.274259
  type: 'test'
  ...
# Subtest: Event-only evidence never recommends or accepts full-book modeling
ok 335 - Event-only evidence never recommends or accepts full-book modeling
  ---
  duration_ms: 3.541262
  type: 'test'
  ...
# Subtest: perspective request preserves the author's exact 1–5 versioned Owner references
ok 336 - perspective request preserves the author's exact 1–5 versioned Owner references
  ---
  duration_ms: 2.876366
  type: 'test'
  ...
# Subtest: token and request estimates are bounded and missing price never becomes zero cost
ok 337 - token and request estimates are bounded and missing price never becomes zero cost
  ---
  duration_ms: 0.543778
  type: 'test'
  ...
# Subtest: author confirmation is mandatory and creates a candidate-only modeling Run
ok 338 - author confirmation is mandatory and creates a candidate-only modeling Run
  ---
  duration_ms: 0.900768
  type: 'test'
  ...
# Subtest: smart Relation output is source-bound, deduplicated and reviewed without formal writes
ok 339 - smart Relation output is source-bound, deduplicated and reviewed without formal writes
  ---
  duration_ms: 4.305824
  type: 'test'
  ...
# Subtest: story modeling rejects result families outside the exact confirmed tool
ok 340 - story modeling rejects result families outside the exact confirmed tool
  ---
  duration_ms: 0.558927
  type: 'test'
  ...
# Subtest: temporal composition cache records versioned Events, branch tracks, intervals and source revision metadata
ok 341 - temporal composition cache records versioned Events, branch tracks, intervals and source revision metadata
  ---
  duration_ms: 2.957055
  type: 'test'
  ...
# Subtest: temporal composition cache rejects stale Event versions
ok 342 - temporal composition cache rejects stale Event versions
  ---
  duration_ms: 0.474151
  type: 'test'
  ...
# Subtest: ready composition branchTrack changes stable Y-track order and survives refresh
ok 343 - ready composition branchTrack changes stable Y-track order and survives refresh
  ---
  duration_ms: 0.756987
  type: 'test'
  ...
# Subtest: stale composition remains visible and labeled while invalid cache falls back honestly
ok 344 - stale composition remains visible and labeled while invalid cache falls back honestly
  ---
  duration_ms: 0.390557
  type: 'test'
  ...
# Subtest: timeline zoom changes detail but preserves every track identity and coordinate
ok 345 - timeline zoom changes detail but preserves every track identity and coordinate
  ---
  duration_ms: 3.656699
  type: 'test'
  ...
# Subtest: temporal projection request is version-bound, project scoped and duplicate free
ok 346 - temporal projection request is version-bound, project scoped and duplicate free
  ---
  duration_ms: 1.12569
  type: 'test'
  ...
# Subtest: a semantic projection anchors known time, distributes unknown Events and reserves unplaced for no evidence
ok 347 - a semantic projection anchors known time, distributes unknown Events and reserves unplaced for no evidence
  ---
  duration_ms: 3.14244
  type: 'test'
  ...
# Subtest: weak story order produces an ambiguous window rather than a fake date
ok 348 - weak story order produces an ambiguous window rather than a fake date
  ---
  duration_ms: 0.294569
  type: 'test'
  ...
# Subtest: late weak-order evidence stays inside a valid ambiguous window
ok 349 - late weak-order evidence stays inside a valid ambiguous window
  ---
  duration_ms: 0.344506
  type: 'test'
  ...
# Subtest: a long relation-only chain keeps every inferred window valid
ok 350 - a long relation-only chain keeps every inferred window valid
  ---
  duration_ms: 1.098116
  type: 'test'
  ...
# Subtest: a strict before/after cycle remains a conflict instead of being hard sorted
ok 351 - a strict before/after cycle remains a conflict instead of being hard sorted
  ---
  duration_ms: 0.731265
  type: 'test'
  ...
# Subtest: schema rejects duplicated, stale, out-of-scope and internal Agent output
ok 352 - schema rejects duplicated, stale, out-of-scope and internal Agent output
  ---
  duration_ms: 0.489341
  type: 'test'
  ...
# Subtest: a created Run carries the graph revision without creating a formal time fact
ok 353 - a created Run carries the graph revision without creating a formal time fact
  ---
  duration_ms: 0.177669
  type: 'test'
  ...
# Subtest: DIRECTORY_CONTRACT keeps the global directory hierarchical and Event identity singular
ok 354 - DIRECTORY_CONTRACT keeps the global directory hierarchical and Event identity singular
  ---
  duration_ms: 0.801484
  type: 'test'
  ...
# Subtest: EVENT_GRAPH_AI_EDGE_CONTRACT requires connected CandidateSubgraphs and author-confirmed Relations
ok 355 - EVENT_GRAPH_AI_EDGE_CONTRACT requires connected CandidateSubgraphs and author-confirmed Relations
  ---
  duration_ms: 0.210944
  type: 'test'
  ...
# Subtest: TIMELINE_CONTRACT keeps Event identity while allowing an independent temporal composition
ok 356 - TIMELINE_CONTRACT keeps Event identity while allowing an independent temporal composition
  ---
  duration_ms: 0.139123
  type: 'test'
  ...
# Subtest: R0 has one ordered workspace registry and an independent Collections destination
ok 357 - R0 has one ordered workspace registry and an independent Collections destination
  ---
  duration_ms: 1.578799
  type: 'test'
  ...
# Subtest: zh-CN and en-US contain exactly the same shell translation keys
ok 358 - zh-CN and en-US contain exactly the same shell translation keys
  ---
  duration_ms: 0.566913
  type: 'test'
  ...
# Subtest: R0.2 workbench keeps global panels separate from the composable page-tool Dock
ok 359 - R0.2 workbench keeps global panels separate from the composable page-tool Dock
  ---
  duration_ms: 0.520151
  type: 'test'
  ...
# Subtest: R0.6 uses one global search engine while the legacy command panel remains shell-controls only
ok 360 - R0.6 uses one global search engine while the legacy command panel remains shell-controls only
  ---
  duration_ms: 0.52983
  type: 'test'
  ...
# Subtest: desktop topbar preserves every global control while keeping one search and one directory toggle
ok 361 - desktop topbar preserves every global control while keeping one search and one directory toggle
  ---
  duration_ms: 0.725284
  type: 'test'
  ...
# Subtest: Tianyi keeps shared Work and page-scoped Agent tabs in its title row with a light active indicator
ok 362 - Tianyi keeps shared Work and page-scoped Agent tabs in its title row with a light active indicator
  ---
  duration_ms: 0.332843
  type: 'test'
  ...
# Subtest: settings sits above personal center and changes the Shell workspace without a route jump
ok 363 - settings sits above personal center and changes the Shell workspace without a route jump
  ---
  duration_ms: 1.115681
  type: 'test'
  ...
# Subtest: responsive rail resolves to complete expanded labels or a 56px icon rail
ok 364 - responsive rail resolves to complete expanded labels or a 56px icon rail
  ---
  duration_ms: 0.602473
  type: 'test'
  ...
# Subtest: active R0 shell is split by responsibility and confines runtime transport to its adapter
ok 365 - active R0 shell is split by responsibility and confines runtime transport to its adapter
  ---
  duration_ms: 0.778308
  type: 'test'
  ...
# Subtest: component stylesheets consume semantic tokens and define no component-local colors
ok 366 - component stylesheets consume semantic tokens and define no component-local colors
  ---
  duration_ms: 1.928306
  type: 'test'
  ...
# Subtest: dialogue and Agent state keep independent sessions, drafts and task state
ok 367 - dialogue and Agent state keep independent sessions, drafts and task state
  ---
  duration_ms: 1.048789
  type: 'test'
  ...
# Subtest: three graph layers accept only their own semantic node families
ok 368 - three graph layers accept only their own semantic node families
  ---
  duration_ms: 0.734171
  type: 'test'
  ...
# Subtest: execution projection rejects private Pi, Provider and reasoning data
ok 369 - execution projection rejects private Pi, Provider and reasoning data
  ---
  duration_ms: 0.868384
  type: 'test'
  ...
# Subtest: N4 world state distinguishes unknown, explicit passage state, holder, and temporal history
ok 370 - N4 world state distinguishes unknown, explicit passage state, holder, and temporal history
  ---
  duration_ms: 10.233
  type: 'test'
  ...
# Subtest: N4 world state has idempotent bounded changes and compensation retains history
ok 371 - N4 world state has idempotent bounded changes and compensation retains history
  ---
  duration_ms: 0.712489
  type: 'test'
  ...
# Subtest: N4 world state rejects invented holders and stale writes
ok 372 - N4 world state rejects invented holders and stale writes
  ---
  duration_ms: 0.565861
  type: 'test'
  ...
# Subtest: same-directory publication creates complete bytes once and never replaces the winner
ok 373 - same-directory publication creates complete bytes once and never replaces the winner
  ---
  duration_ms: 3.661468
  type: 'test'
  ...
# Subtest: atomic replace uses complete staged bytes for mutable workflow records
ok 374 - atomic replace uses complete staged bytes for mutable workflow records
  ---
  duration_ms: 2.249958
  type: 'test'
  ...
# Subtest: atomic publication rejects a symbolic-link final path
ok 375 - atomic publication rejects a symbolic-link final path
  ---
  duration_ms: 0.889155
  type: 'test'
  ...
# Subtest: atomic publication rejects a symbolic-link parent before creating outside directories
ok 376 - atomic publication rejects a symbolic-link parent before creating outside directories
  ---
  duration_ms: 1.929217
  type: 'test'
  ...
# Subtest: process crash at before-intent-publish recovers to exactly one confirmed Event
ok 377 - process crash at before-intent-publish recovers to exactly one confirmed Event
  ---
  duration_ms: 2679.876353
  type: 'test'
  ...
# Subtest: process crash at intent-temporary-durable recovers to exactly one confirmed Event
ok 378 - process crash at intent-temporary-durable recovers to exactly one confirmed Event
  ---
  duration_ms: 1278.792318
  type: 'test'
  ...
# Subtest: process crash at intent-final-published recovers to exactly one confirmed Event
ok 379 - process crash at intent-final-published recovers to exactly one confirmed Event
  ---
  duration_ms: 1070.89634
  type: 'test'
  ...
# Subtest: process crash at after-intent-durable recovers to exactly one confirmed Event
ok 380 - process crash at after-intent-durable recovers to exactly one confirmed Event
  ---
  duration_ms: 1104.080288
  type: 'test'
  ...
# Subtest: process crash at applying-temporary-durable recovers to exactly one confirmed Event
ok 381 - process crash at applying-temporary-durable recovers to exactly one confirmed Event
  ---
  duration_ms: 1147.059586
  type: 'test'
  ...
# Subtest: process crash at applying-final-published recovers to exactly one confirmed Event
ok 382 - process crash at applying-final-published recovers to exactly one confirmed Event
  ---
  duration_ms: 1109.872239
  type: 'test'
  ...
# Subtest: process crash at event-temporary-durable recovers to exactly one confirmed Event
ok 383 - process crash at event-temporary-durable recovers to exactly one confirmed Event
  ---
  duration_ms: 1095.859278
  type: 'test'
  ...
# Subtest: process crash at event-final-published recovers to exactly one confirmed Event
ok 384 - process crash at event-final-published recovers to exactly one confirmed Event
  ---
  duration_ms: 1096.901634
  type: 'test'
  ...
# Subtest: process crash at event-index-persisted recovers to exactly one confirmed Event
ok 385 - process crash at event-index-persisted recovers to exactly one confirmed Event
  ---
  duration_ms: 1094.214599
  type: 'test'
  ...
# Subtest: process crash at event-operation-persisted recovers to exactly one confirmed Event
ok 386 - process crash at event-operation-persisted recovers to exactly one confirmed Event
  ---
  duration_ms: 1125.146996
  type: 'test'
  ...
# Subtest: process crash at event-state-persisted recovers to exactly one confirmed Event
ok 387 - process crash at event-state-persisted recovers to exactly one confirmed Event
  ---
  duration_ms: 1092.109185
  type: 'test'
  ...
# Subtest: process crash at event-revision-persisted recovers to exactly one confirmed Event
ok 388 - process crash at event-revision-persisted recovers to exactly one confirmed Event
  ---
  duration_ms: 1143.727925
  type: 'test'
  ...
# Subtest: process crash at before-applied-persist recovers to exactly one confirmed Event
ok 389 - process crash at before-applied-persist recovers to exactly one confirmed Event
  ---
  duration_ms: 1125.421265
  type: 'test'
  ...
# Subtest: process crash at applied-temporary-durable recovers to exactly one confirmed Event
ok 390 - process crash at applied-temporary-durable recovers to exactly one confirmed Event
  ---
  duration_ms: 1100.777003
  type: 'test'
  ...
# Subtest: process crash at applied-final-published recovers to exactly one confirmed Event
ok 391 - process crash at applied-final-published recovers to exactly one confirmed Event
  ---
  duration_ms: 1116.101579
  type: 'test'
  ...
# Subtest: process crash at after-applied-durable recovers to exactly one confirmed Event
ok 392 - process crash at after-applied-durable recovers to exactly one confirmed Event
  ---
  duration_ms: 1121.997894
  type: 'test'
  ...
# Subtest: process crash at before-response recovers to exactly one confirmed Event
ok 393 - process crash at before-response recovers to exactly one confirmed Event
  ---
  duration_ms: 1138.273276
  type: 'test'
  ...
# Subtest: same-process duplicate apply calls converge on one Event and one receipt
ok 394 - same-process duplicate apply calls converge on one Event and one receipt
  ---
  duration_ms: 321.810509
  type: 'test'
  ...
# Subtest: two independent Node processes start together and converge without ordering sleeps
ok 395 - two independent Node processes start together and converge without ordering sleeps
  ---
  duration_ms: 429.293163
  type: 'test'
  ...
# Subtest: normal apply persists stable structured provenance and permits later author body edits
ok 396 - normal apply persists stable structured provenance and permits later author body edits
  ---
  duration_ms: 269.383493
  type: 'test'
  ...
# Subtest: local apply API returns the same applied receipt across client retry
ok 397 - local apply API returns the same applied receipt across client retry
  ---
  duration_ms: 604.159035
  type: 'test'
  ...
# Subtest: conflicts and broken invariants fail closed with distinct policy codes
    # Subtest: legacy applying without intent
    ok 1 - legacy applying without intent
      ---
      duration_ms: 112.420307
      type: 'test'
      ...
    # Subtest: legacy applied receipt whose Event is missing
    ok 2 - legacy applied receipt whose Event is missing
      ---
      duration_ms: 110.630974
      type: 'test'
      ...
    # Subtest: Change Set semantic drift after intent
    ok 3 - Change Set semantic drift after intent
      ---
      duration_ms: 122.829563
      type: 'test'
      ...
    # Subtest: applied Change Set semantic drift cannot bypass its frozen intent
    ok 4 - applied Change Set semantic drift cannot bypass its frozen intent
      ---
      duration_ms: 176.948812
      type: 'test'
      ...
    # Subtest: source revision drift after intent
    ok 5 - source revision drift after intent
      ---
      duration_ms: 145.861701
      type: 'test'
      ...
    # Subtest: unrelated target identity collision
    ok 6 - unrelated target identity collision
      ---
      duration_ms: 151.224319
      type: 'test'
      ...
    # Subtest: same operation with mismatched Event payload
    ok 7 - same operation with mismatched Event payload
      ---
      duration_ms: 170.332783
      type: 'test'
      ...
    # Subtest: multiple Events claim one operation
    ok 8 - multiple Events claim one operation
      ---
      duration_ms: 219.977156
      type: 'test'
      ...
    # Subtest: applied receipt whose Event is missing
    ok 9 - applied receipt whose Event is missing
      ---
      duration_ms: 187.272059
      type: 'test'
      ...
    1..9
ok 398 - conflicts and broken invariants fail closed with distinct policy codes
  ---
  duration_ms: 1398.68223
  type: 'test'
  ...
# Subtest: StoryControlSurface runs the full author loop as deterministic product actions
ok 399 - StoryControlSurface runs the full author loop as deterministic product actions
  ---
  duration_ms: 178.412666
  type: 'test'
  ...
# Subtest: StoryControlSurface keeps world updates behind author decisions
ok 400 - StoryControlSurface keeps world updates behind author decisions
  ---
  duration_ms: 22.542195
  type: 'test'
  ...
# Subtest: StoryControlSurface exposes a UI-consumable prototype state without lower system vocabulary
ok 401 - StoryControlSurface exposes a UI-consumable prototype state without lower system vocabulary
  ---
  duration_ms: 61.892369
  type: 'test'
  ...
# Subtest: StoryControlSurface CLI can run a full author loop across persisted local state
ok 402 - StoryControlSurface CLI can run a full author loop across persisted local state
  ---
  duration_ms: 2198.870247
  type: 'test'
  ...
# Subtest: StoryControlSurface source stays deterministic and outside lower systems
ok 403 - StoryControlSurface source stays deterministic and outside lower systems
  ---
  duration_ms: 52.931127
  type: 'test'
  ...
# Subtest: draft Event Recycle Bin metadata is written by the existing catalog owner without deleting the Event
ok 404 - draft Event Recycle Bin metadata is written by the existing catalog owner without deleting the Event
  ---
  duration_ms: 110.596637
  type: 'test'
  ...
# Subtest: deterministic Agent draft is schema-bound, source-scoped, and never writes a formal object before review
ok 405 - deterministic Agent draft is schema-bound, source-scoped, and never writes a formal object before review
  ---
  duration_ms: 55.961215
  type: 'test'
  ...
# Subtest: author confirmation creates one item or location through the existing World Object owner and preserves profile provenance
ok 406 - author confirmation creates one item or location through the existing World Object owner and preserves profile provenance
  ---
  duration_ms: 200.431674
  type: 'test'
  ...
# Subtest: author-created types stay draft until an explicit activation and keep a stable type id
ok 407 - author-created types stay draft until an explicit activation and keep a stable type id
  ---
  duration_ms: 39.253754
  type: 'test'
  ...
# Subtest: unused drafts delete, while bound active types only retire and keep existing objects readable
ok 408 - unused drafts delete, while bound active types only retire and keep existing objects readable
  ---
  duration_ms: 50.736397
  type: 'test'
  ...
# Subtest: explicit binding and custom field values live only in WorldObject frontmatter
ok 409 - explicit binding and custom field values live only in WorldObject frontmatter
  ---
  duration_ms: 36.271559
  type: 'test'
  ...
# Subtest: binding is capability-safe, expected-hash guarded, and unbinding preserves field values
ok 410 - binding is capability-safe, expected-hash guarded, and unbinding preserves field values
  ---
  duration_ms: 133.070429
  type: 'test'
  ...
# Subtest: event rule and thread cannot be mapped into the four Agent capabilities
ok 411 - event rule and thread cannot be mapped into the four Agent capabilities
  ---
  duration_ms: 7.821135
  type: 'test'
  ...
# Subtest: custom-type creation produces exactly one WorldObject and no second object owner
ok 412 - custom-type creation produces exactly one WorldObject and no second object owner
  ---
  duration_ms: 20.195378
  type: 'test'
  ...
# Subtest: Story Studio builds a real deterministic impact review through one author-control boundary
ok 413 - Story Studio builds a real deterministic impact review through one author-control boundary
  ---
  duration_ms: 217.093585
  type: 'test'
  ...
# Subtest: author route selection creates only a preview and preserve-current leaves Markdown untouched
ok 414 - author route selection creates only a preview and preserve-current leaves Markdown untouched
  ---
  duration_ms: 208.878347
  type: 'test'
  ...
# Subtest: Golden Loop Candidate Review persists rejection and acceptance receipts without writing Canon
ok 415 - Golden Loop Candidate Review persists rejection and acceptance receipts without writing Canon
  ---
  duration_ms: 87.87532
  type: 'test'
  ...
# Subtest: Candidate Review history derives superseded runs and persists explicit abandonment without Canon writes
ok 416 - Candidate Review history derives superseded runs and persists explicit abandonment without Canon writes
  ---
  duration_ms: 82.60373
  type: 'test'
  ...
# Subtest: external Markdown changes make an existing impact review stale
ok 417 - external Markdown changes make an existing impact review stale
  ---
  duration_ms: 165.523501
  type: 'test'
  ...
# Subtest: author-approved Change Set dry-runs, persists, and applies exactly one event Markdown
ok 418 - author-approved Change Set dry-runs, persists, and applies exactly one event Markdown
  ---
  duration_ms: 473.491876
  type: 'test'
  ...
# Subtest: an IF Change Set freezes its WorkVersion identity and never projects its Event into the mainline timeline
ok 419 - an IF Change Set freezes its WorkVersion identity and never projects its Event into the mainline timeline
  ---
  duration_ms: 1348.009177
  type: 'test'
  ...
# Subtest: planning event enters the existing Impact Review and creates a separate canon event with planned_from
ok 420 - planning event enters the existing Impact Review and creates a separate canon event with planned_from
  ---
  duration_ms: 495.044468
  type: 'test'
  ...
# Subtest: verified Canon read gate accepts only the complete author-adoption chain and rejects spoofed or malformed events
ok 421 - verified Canon read gate accepts only the complete author-adoption chain and rejects spoofed or malformed events
  ---
  duration_ms: 1117.212399
  type: 'test'
  ...
# Subtest: a different operation key for the same proposal revision is rejected before a second Canon or claimant
ok 422 - a different operation key for the same proposal revision is rejected before a second Canon or claimant
  ---
  duration_ms: 254.969715
  type: 'test'
  ...
# Subtest: verified Canon reads distinguish healthy empty state and invalid records from authority failures
ok 423 - verified Canon reads distinguish healthy empty state and invalid records from authority failures
  ---
  duration_ms: 351.380973
  type: 'test'
  ...
# Subtest: malformed authority JSON and deterministic I/O faults propagate through list and detail
ok 424 - malformed authority JSON and deterministic I/O faults propagate through list and detail
  ---
  duration_ms: 344.572887
  type: 'test'
  ...
# Subtest: multiple events claiming one operation surface an authority-store conflict
ok 425 - multiple events claiming one operation surface an authority-store conflict
  ---
  duration_ms: 290.963369
  type: 'test'
  ...
# Subtest: Change Set, Review decision, Intent, and event identities cannot cross workspaces
ok 426 - Change Set, Review decision, Intent, and event identities cannot cross workspaces
  ---
  duration_ms: 392.455352
  type: 'test'
  ...
# Subtest: verified Canon list and detail are byte, file-list, and timestamp read-only
ok 427 - verified Canon list and detail are byte, file-list, and timestamp read-only
  ---
  duration_ms: 276.145959
  type: 'test'
  ...
# Subtest: planning review rejection and staleness never mutate the planning note
ok 428 - planning review rejection and staleness never mutate the planning note
  ---
  duration_ms: 125.266217
  type: 'test'
  ...
# Subtest: Change Set becomes stale after an affected object changes and can be abandoned without writes
ok 429 - Change Set becomes stale after an affected object changes and can be abandoned without writes
  ---
  duration_ms: 246.992123
  type: 'test'
  ...
# Subtest: Nuwa supervision runs deterministically, synthesizes routes, and enters the same Impact Review
ok 430 - Nuwa supervision runs deterministically, synthesizes routes, and enters the same Impact Review
  ---
  duration_ms: 162.649609
  type: 'test'
  ...
# Subtest: author loop creates three isolated fixed-seed futures, preserves knowledge boundaries, and rejects without writes
ok 431 - author loop creates three isolated fixed-seed futures, preserves knowledge boundaries, and rejects without writes
  ---
  duration_ms: 151.599996
  type: 'test'
  ...
# Subtest: standalone Nuwa rehearsal keeps temporary characters inside the existing Run Pack
ok 432 - standalone Nuwa rehearsal keeps temporary characters inside the existing Run Pack
  ---
  duration_ms: 94.594071
  type: 'test'
  ...
# Subtest: supplemental Brief sources do not make a current Nuwa exploration stale
ok 433 - supplemental Brief sources do not make a current Nuwa exploration stale
  ---
  duration_ms: 96.737549
  type: 'test'
  ...
# Subtest: Nuwa product exploration becomes stale after scene change and never exposes backend identifiers
ok 434 - Nuwa product exploration becomes stale after scene change and never exposes backend identifiers
  ---
  duration_ms: 92.605817
  type: 'test'
  ...
# Subtest: Nuwa exploration reserves exactly one Context Receipt identity across retry
ok 435 - Nuwa exploration reserves exactly one Context Receipt identity across retry
  ---
  duration_ms: 64.503626
  type: 'test'
  ...
# Subtest: Nuwa run owner accepts a chapter-only writing project
ok 436 - Nuwa run owner accepts a chapter-only writing project
  ---
  duration_ms: 54.001999
  type: 'test'
  ...
# Subtest: Story Studio browser remains separated from Story Domain and Story Intelligence
ok 437 - Story Studio browser remains separated from Story Domain and Story Intelligence
  ---
  duration_ms: 5.653279
  type: 'test'
  ...
# Subtest: stale evidence-backed review remains blocked without losing validated evidence
ok 438 - stale evidence-backed review remains blocked without losing validated evidence
  ---
  duration_ms: 153.444828
  type: 'test'
  ...
# Subtest: Canon read projection keeps healthy empty, invalid record, and verified records distinct
ok 439 - Canon read projection keeps healthy empty, invalid record, and verified records distinct
  ---
  duration_ms: 353.777669
  type: 'test'
  ...
# Subtest: Canon read projection classifies parse, I/O, authority, and project-boundary failures
    # Subtest: malformed authority JSON is a distinct parse failure
    ok 1 - malformed authority JSON is a distinct parse failure
      ---
      duration_ms: 182.175473
      type: 'test'
      ...
    # Subtest: authority repository I/O fault stays visible
    ok 2 - authority repository I/O fault stays visible
      ---
      duration_ms: 167.583766
      type: 'test'
      ...
    # Subtest: multiple operation claimants are an authority failure
    ok 3 - multiple operation claimants are an authority failure
      ---
      duration_ms: 182.428921
      type: 'test'
      ...
    # Subtest: wrong project remains a project-boundary failure
    ok 4 - wrong project remains a project-boundary failure
      ---
      duration_ms: 5.020426
      type: 'test'
      ...
    1..4
ok 440 - Canon read projection classifies parse, I/O, authority, and project-boundary failures
  ---
  duration_ms: 538.298716
  type: 'test'
  ...
# Subtest: v1 open is read-only and first save migrates with stable IDs, separate hashes, cleanup, and restart parity
ok 441 - v1 open is read-only and first save migrates with stable IDs, separate hashes, cleanup, and restart parity
  ---
  duration_ms: 173.894566
  type: 'test'
  ...
# Subtest: duplicate text and secret blocks keep prose in Markdown, preserve IDs through reorder, and leave removed sections unplaced
ok 442 - duplicate text and secret blocks keep prose in Markdown, preserve IDs through reorder, and leave removed sections unplaced
  ---
  duration_ms: 133.98825
  type: 'test'
  ...
# Subtest: Markdown-first partial success preserves new content as unplaced when presentation changes after validation
ok 443 - Markdown-first partial success preserves new content as unplaced when presentation changes after validation
  ---
  duration_ms: 80.256322
  type: 'test'
  ...
# Subtest: Markdown and presentation stale writes reject independently without authorizing the other owner
ok 444 - Markdown and presentation stale writes reject independently without authorizing the other owner
  ---
  duration_ms: 70.313391
  type: 'test'
  ...
# Subtest: explicit owner intent lets pure Markdown and pure presentation saves ignore drift in the untouched owner
ok 445 - explicit owner intent lets pure Markdown and pure presentation saves ignore drift in the untouched owner
  ---
  duration_ms: 69.310873
  type: 'test'
  ...
# Subtest: migration cleanup conflict keeps the companion authoritative and exposes a retry notice
ok 446 - migration cleanup conflict keeps the companion authoritative and exposes a retry notice
  ---
  duration_ms: 25.457209
  type: 'test'
  ...
# Subtest: presentation restore appends card history without rewriting Markdown
ok 447 - presentation restore appends card history without rewriting Markdown
  ---
  duration_ms: 68.193048
  type: 'test'
  ...
# Subtest: startWriting creates one default chapter and scene behind one workspace operation
ok 448 - startWriting creates one default chapter and scene behind one workspace operation
  ---
  duration_ms: 75.300552
  type: 'test'
  ...
# Subtest: startWriting compensates the chapter and restores state when scene creation fails
ok 449 - startWriting compensates the chapter and restores state when scene creation fails
  ---
  duration_ms: 26.727432
  type: 'test'
  ...
# Subtest: startWriting removes both new documents when the final bootstrap step fails
ok 450 - startWriting removes both new documents when the final bootstrap step fails
  ---
  duration_ms: 37.348344
  type: 'test'
  ...
# Subtest: an approved Execution Brief reuses the Nuwa run repository and returns an author-visible receipt without canon writes
ok 451 - an approved Execution Brief reuses the Nuwa run repository and returns an author-visible receipt without canon writes
  ---
  duration_ms: 774.961691
  type: 'test'
  ...
# Subtest: revision, source drift, temporary retention, and allowlists fail closed
ok 452 - revision, source drift, temporary retention, and allowlists fail closed
  ---
  duration_ms: 686.493136
  type: 'test'
  ...
# Subtest: Execution Brief binding rejects a mismatched exploration before the deterministic run or synthesis
ok 453 - Execution Brief binding rejects a mismatched exploration before the deterministic run or synthesis
  ---
  duration_ms: 359.616602
  type: 'test'
  ...
# Subtest: Candidate bundle and Result Receipt remain write-once across retry and restart
ok 454 - Candidate bundle and Result Receipt remain write-once across retry and restart
  ---
  duration_ms: 760.540559
  type: 'test'
  ...
# Subtest: only the receipt-bound verifier can submit one route and consumed replay has zero side effects
ok 455 - only the receipt-bound verifier can submit one route and consumed replay has zero side effects
  ---
  duration_ms: 418.119386
  type: 'test'
  ...
# Subtest: location topology is a deterministic confirmed-only projection with explicit candidates and region hints
ok 456 - location topology is a deterministic confirmed-only projection with explicit candidates and region hints
  ---
  duration_ms: 15.212386
  type: 'test'
  ...
# Subtest: geography and administration use separately selected relation types
ok 457 - geography and administration use separately selected relation types
  ---
  duration_ms: 0.654455
  type: 'test'
  ...
# Subtest: Pi-stub Tianyi prediction runs persist independently without Event, Relation, Canon, or WorldState writes
ok 458 - Pi-stub Tianyi prediction runs persist independently without Event, Relation, Canon, or WorldState writes
  ---
  duration_ms: 771.223182
  type: 'test'
  ...
# Subtest: prediction adoption keeps unmatched edge types pending until the author selects an existing RelationType
ok 459 - prediction adoption keeps unmatched edge types pending until the author selects an existing RelationType
  ---
  duration_ms: 285.79906
  type: 'test'
  ...
# Subtest: character cards migrate layout, block order, and local media into the presentation companion
ok 460 - character cards migrate layout, block order, and local media into the presentation companion
  ---
  duration_ms: 127.063666
  type: 'test'
  ...
# Subtest: object card validation rejects unsupported blocks, traversal, and missing images
ok 461 - object card validation rejects unsupported blocks, traversal, and missing images
  ---
  duration_ms: 31.906871
  type: 'test'
  ...
# Subtest: map and graph card blocks derive appearances from stable object references
ok 462 - map and graph card blocks derive appearances from stable object references
  ---
  duration_ms: 121.584349
  type: 'test'
  ...
# Subtest: SourceAnchor and confirmed Event evidence are re-read, freshness-guarded, and never write Canon/Event/WorldState
ok 463 - SourceAnchor and confirmed Event evidence are re-read, freshness-guarded, and never write Canon/Event/WorldState
  ---
  duration_ms: 109.407623
  type: 'test'
  ...
# Subtest: legacy-unanchored and unknown evidence remain readable warnings and cannot confirm
ok 464 - legacy-unanchored and unknown evidence remain readable warnings and cannot confirm
  ---
  duration_ms: 44.004792
  type: 'test'
  ...
# Subtest: item-holder temporal metadata is versioned, revision-bound, and restart-readable
ok 465 - item-holder temporal metadata is versioned, revision-bound, and restart-readable
  ---
  duration_ms: 29.002198
  type: 'test'
  ...
# Subtest: story modeling plans incremental and full-book scopes without Provider calls
ok 466 - story modeling plans incremental and full-book scopes without Provider calls
  ---
  duration_ms: 402.093794
  type: 'test'
  ...
# Subtest: one author confirmation creates one idempotent Run and test Provider output stays candidate-only
ok 467 - one author confirmation creates one idempotent Run and test Provider output stays candidate-only
  ---
  duration_ms: 498.076781
  type: 'test'
  ...
# Subtest: stopping a running StoryModeling Run prevents every subsequent batch
ok 468 - stopping a running StoryModeling Run prevents every subsequent batch
  ---
  duration_ms: 219.658561
  type: 'test'
  ...
# Subtest: results from multiple StoryModeling tools survive an operations restart
ok 469 - results from multiple StoryModeling tools survive an operations restart
  ---
  duration_ms: 363.401633
  type: 'test'
  ...
# Subtest: logic finding author review is persisted by StoryModeling storage across restart
ok 470 - logic finding author review is persisted by StoryModeling storage across restart
  ---
  duration_ms: 88.432424
  type: 'test'
  ...
# Subtest: temporal projection creates Runs only for author requests and keeps operation idempotency without formal writes
ok 471 - temporal projection creates Runs only for author requests and keeps operation idempotency without formal writes
  ---
  duration_ms: 1017.695244
  type: 'test'
  ...
# Subtest: author-requested failure does not retry and author retry is explicit
ok 472 - author-requested failure does not retry and author retry is explicit
  ---
  duration_ms: 118.914277
  type: 'test'
  ...
# Subtest: shared workspace selection survives restart without copying object content
ok 473 - shared workspace selection survives restart without copying object content
  ---
  duration_ms: 152.516345
  type: 'test'
  ...
# Subtest: writing bridge saves Markdown references, restores context, and rejects stale writes
ok 474 - writing bridge saves Markdown references, restores context, and rejects stale writes
  ---
  duration_ms: 51.093649
  type: 'test'
  ...
# Subtest: Story Studio visual workbench creates, updates, opens, and restores map and graph documents
ok 475 - Story Studio visual workbench creates, updates, opens, and restores map and graph documents
  ---
  duration_ms: 196.038459
  type: 'test'
  ...
# Subtest: World Workbench folders, cross-type visual tabs, pane swap, and close state survive repository boundaries
ok 476 - World Workbench folders, cross-type visual tabs, pane swap, and close state survive repository boundaries
  ---
  duration_ms: 136.572384
  type: 'test'
  ...
# Subtest: stable relative material links survive a linked object rename
ok 477 - stable relative material links survive a linked object rename
  ---
  duration_ms: 62.612332
  type: 'test'
  ...
# Subtest: shared revision history previews, milestones, and restores object and visual documents as new revisions
ok 478 - shared revision history previews, milestones, and restores object and visual documents as new revisions
  ---
  duration_ms: 182.109203
  type: 'test'
  ...
# Subtest: map and graph documents keep one content truth and do not copy object prose
ok 479 - map and graph documents keep one content truth and do not copy object prose
  ---
  duration_ms: 61.791641
  type: 'test'
  ...
# Subtest: Timeline and Tree reuse canonical events, graph relations, shared IDs, conflicts, and restart state
ok 480 - Timeline and Tree reuse canonical events, graph relations, shared IDs, conflicts, and restart state
  ---
  duration_ms: 351.153376
  type: 'test'
  ...
# Subtest: planning event creation writes one Markdown note and one stable Timeline reference
ok 481 - planning event creation writes one Markdown note and one stable Timeline reference
  ---
  duration_ms: 66.619299
  type: 'test'
  ...
# Subtest: planning note survives a stale Timeline hash and can be added after reload
ok 482 - planning note survives a stale Timeline hash and can be added after reload
  ---
  duration_ms: 79.786349
  type: 'test'
  ...
# Subtest: planning events can be created independently, abandoned explicitly, and keep Timeline layout untouched
ok 483 - planning events can be created independently, abandoned explicitly, and keep Timeline layout untouched
  ---
  duration_ms: 76.341627
  type: 'test'
  ...
# Subtest: planning event creation replays one durable operation without creating a duplicate
ok 484 - planning event creation replays one durable operation without creating a duplicate
  ---
  duration_ms: 40.307633
  type: 'test'
  ...
# Subtest: generic object update cannot promote a planned event directly to canon
ok 485 - generic object update cannot promote a planned event directly to canon
  ---
  duration_ms: 25.260422
  type: 'test'
  ...
# Subtest: a historical Timeline v1 revision restores through the additive v2 reader
ok 486 - a historical Timeline v1 revision restores through the additive v2 reader
  ---
  duration_ms: 89.6377
  type: 'test'
  ...
# Subtest: Story Studio World Library creates all built-in object types as canonical Markdown
ok 487 - Story Studio World Library creates all built-in object types as canonical Markdown
  ---
  duration_ms: 246.135631
  type: 'test'
  ...
# Subtest: World Library searches title and tags and filters by type from the derived index
ok 488 - World Library searches title and tags and filters by type from the derived index
  ---
  duration_ms: 42.647297
  type: 'test'
  ...
# Subtest: Card updates preserve unknown fields, expose links and backlinks, and reject stale writes
ok 489 - Card updates preserve unknown fields, expose links and backlinks, and reject stale writes
  ---
  duration_ms: 168.214103
  type: 'test'
  ...
# Subtest: World Library restart restores only relative tabs and rereads active content from Markdown
ok 490 - World Library restart restores only relative tabs and rereads active content from Markdown
  ---
  duration_ms: 66.14641
  type: 'test'
  ...
# Subtest: Story Unit persists item-level authority and source references without creating a world fact
ok 491 - Story Unit persists item-level authority and source references without creating a world fact
  ---
  duration_ms: 51.777381
  type: 'test'
  ...
# Subtest: Story Unit branch identity is formal, versioned, and survives rename
ok 492 - Story Unit branch identity is formal, versioned, and survives rename
  ---
  duration_ms: 35.698244
  type: 'test'
  ...
# Subtest: legacy Story Unit records receive compatible explicit structure defaults
ok 493 - legacy Story Unit records receive compatible explicit structure defaults
  ---
  duration_ms: 4.205888
  type: 'test'
  ...
# Subtest: Collection Point owns one non-nested Event reference group with durable receipts
ok 494 - Collection Point owns one non-nested Event reference group with durable receipts
  ---
  duration_ms: 57.129529
  type: 'test'
  ...
# Subtest: six output types are peers and keep Unit lineage without promoting a candidate
ok 495 - six output types are peers and keep Unit lineage without promoting a candidate
  ---
  duration_ms: 44.000854
  type: 'test'
  ...
# Subtest: artifact creation fails closed for a stale Story Unit version and archived Units remain recoverable
ok 496 - artifact creation fails closed for a stale Story Unit version and archived Units remain recoverable
  ---
  duration_ms: 17.329302
  type: 'test'
  ...
# Subtest: output artifacts are editable, versioned, and archive without erasing their Unit lineage
ok 497 - output artifacts are editable, versioned, and archive without erasing their Unit lineage
  ---
  duration_ms: 31.785242
  type: 'test'
  ...
# Subtest: Creation media backlinks guard deletion without creating Canon or Event writes
ok 498 - Creation media backlinks guard deletion without creating Canon or Event writes
  ---
  duration_ms: 43.670325
  type: 'test'
  ...
# Subtest: legacy OutputArtifact opens through v2 projection without a read migration and upgrades on first save
ok 499 - legacy OutputArtifact opens through v2 projection without a read migration and upgrades on first save
  ---
  duration_ms: 11.088489
  type: 'test'
  ...
# Subtest: new novel OutputArtifacts use the neutral DocumentModel as their only content authority
ok 500 - new novel OutputArtifacts use the neutral DocumentModel as their only content authority
  ---
  duration_ms: 14.938919
  type: 'test'
  ...
# Subtest: legacy novel migration is previewable, explicit, and receipt-bound
ok 501 - legacy novel migration is previewable, explicit, and receipt-bound
  ---
  duration_ms: 11.966734
  type: 'test'
  ...
# Subtest: author stop aborts the active attempt without story writes
ok 502 - author stop aborts the active attempt without story writes
  ---
  duration_ms: 253.835308
  type: 'test'
  ...
# Subtest: bounded timeout is visible and retry creates a new attempt while preserving the failed attempt
ok 503 - bounded timeout is visible and retry creates a new attempt while preserving the failed attempt
  ---
  duration_ms: 154.735121
  type: 'test'
  ...
# Subtest: tool or candidate schema failure persists a retryable failure and never writes formal data
ok 504 - tool or candidate schema failure persists a retryable failure and never writes formal data
  ---
  duration_ms: 122.399689
  type: 'test'
  ...
# Subtest: N4 WorldState owner persists only bounded state with a current confirmed Event and stable references
ok 505 - N4 WorldState owner persists only bounded state with a current confirmed Event and stable references
  ---
  duration_ms: 321.19987
  type: 'test'
  ...
# Subtest: legacy OutputArtifact structures migrate additively without changing source text
ok 506 - legacy OutputArtifact structures migrate additively without changing source text
  ---
  duration_ms: 2.191041
  type: 'test'
  ...
# Subtest: comic migration creates serializable pages and panels with creation-only references
ok 507 - comic migration creates serializable pages and panels with creation-only references
  ---
  duration_ms: 0.342903
  type: 'test'
  ...
# Subtest: Markdown operations keep headings addressable through rename add remove and reorder
ok 508 - Markdown operations keep headings addressable through rename add remove and reorder
  ---
  duration_ms: 2.314905
  type: 'test'
  ...
# Subtest: Fountain R0 parses scenes dialogue and exact UTF-16 offsets while round-tripping
ok 509 - Fountain R0 parses scenes dialogue and exact UTF-16 offsets while round-tripping
  ---
  duration_ms: 1.935339
  type: 'test'
  ...
# Subtest: unsupported Fountain syntax stays visible as editable source instead of being discarded
ok 510 - unsupported Fountain syntax stays visible as editable source instead of being discarded
  ---
  duration_ms: 0.360939
  type: 'test'
  ...
# Subtest: Chinese composition commits once and autosave debounce flushes the latest complete text
ok 511 - Chinese composition commits once and autosave debounce flushes the latest complete text
  ---
  duration_ms: 0.233117
  type: 'test'
  ...
# Subtest: 100k Chinese characters remain reversible Markdown source
ok 512 - 100k Chinese characters remain reversible Markdown source
  ---
  duration_ms: 15.072892
  type: 'test'
  ...
# Subtest: MediaAsset metadata is versioned, searchable data with stable IDs and replace semantics
ok 513 - MediaAsset metadata is versioned, searchable data with stable IDs and replace semantics
  ---
  duration_ms: 55.507214
  type: 'test'
  ...
# Subtest: MediaAsset repository rejects traversal, dangerous keys, and invalid catalog versions
ok 514 - MediaAsset repository rejects traversal, dangerous keys, and invalid catalog versions
  ---
  duration_ms: 6.91219
  type: 'test'
  ...
# Subtest: Lifecycle V2 installs atomically, binds receipt identity, stays fail-closed, rolls back, and preserves outputs/audit receipts
ok 515 - Lifecycle V2 installs atomically, binds receipt identity, stays fail-closed, rolls back, and preserves outputs/audit receipts
  ---
  duration_ms: 92.968279
  type: 'test'
  ...
# Subtest: normal install/update reject releaseSequence downgrade while explicit rollback accepts one retained verified version
ok 516 - normal install/update reject releaseSequence downgrade while explicit rollback accepts one retained verified version
  ---
  duration_ms: 28.985646
  type: 'test'
  ...
# Subtest: original install failure survives read-only staging cleanup failure and leaves a failed journal
ok 517 - original install failure survives read-only staging cleanup failure and leaves a failed journal
  ---
  duration_ms: 3.002525
  type: 'test'
  ...
# Subtest: Lifecycle V2 rejects checksum, platform, corrupt archive, health-check, traversal, symlink, and unsafe permission fixtures before install
ok 518 - Lifecycle V2 rejects checksum, platform, corrupt archive, health-check, traversal, symlink, and unsafe permission fixtures before install
  ---
  duration_ms: 3.915046
  type: 'test'
  ...
# Subtest: pre-run entrypoint tamper quarantines the package and returns no runnable descriptor
ok 519 - pre-run entrypoint tamper quarantines the package and returns no runnable descriptor
  ---
  duration_ms: 9.570779
  type: 'test'
  ...
# Subtest: pre-run non-entrypoint tamper quarantines the package and returns no runnable descriptor
ok 520 - pre-run non-entrypoint tamper quarantines the package and returns no runnable descriptor
  ---
  duration_ms: 7.362865
  type: 'test'
  ...
# Subtest: pre-run manifest tamper quarantines the package and returns no runnable descriptor
ok 521 - pre-run manifest tamper quarantines the package and returns no runnable descriptor
  ---
  duration_ms: 5.948148
  type: 'test'
  ...
# Subtest: receipt identity tamper is bound to the installed manifest and quarantines before registry projection
ok 522 - receipt identity tamper is bound to the installed manifest and quarantines before registry projection
  ---
  duration_ms: 7.362334
  type: 'test'
  ...
# Subtest: startup recovery rolls back interrupted install/update without activating a half-installed version
ok 523 - startup recovery rolls back interrupted install/update without activating a half-installed version
  ---
  duration_ms: 21.807593
  type: 'test'
  ...
# Subtest: malicious /tmp fixture never starts, reads, connects, spawns, or writes through the fail-closed Host
ok 524 - malicious /tmp fixture never starts, reads, connects, spawns, or writes through the fail-closed Host
  ---
  duration_ms: 12.041511
  type: 'test'
  ...
# Subtest: catalog override is rejected by default/production and the server execute API cannot bypass fail-closed Host
ok 525 - catalog override is rejected by default/production and the server execute API cannot bypass fail-closed Host
  ---
  duration_ms: 1240.651018
  type: 'test'
  ...
# Subtest: translation keeps exact event alignment and source revision
ok 526 - translation keeps exact event alignment and source revision
  ---
  duration_ms: 2.034424
  type: 'test'
  ...
# Subtest: review must accept every node before Creation handoff
ok 527 - review must accept every node before Creation handoff
  ---
  duration_ms: 0.809469
  type: 'test'
  ...
# Subtest: source drift fails closed and cannot remain ready
ok 528 - source drift fails closed and cannot remain ready
  ---
  duration_ms: 0.278566
  type: 'test'
  ...
# Subtest: POV scoring is explainable and knowledge reconstruction never copies private memory
ok 529 - POV scoring is explainable and knowledge reconstruction never copies private memory
  ---
  duration_ms: 1.084669
  type: 'test'
  ...
# Subtest: IF and adaptation use explicit contracts and never masquerade as prediction
ok 530 - IF and adaptation use explicit contracts and never masquerade as prediction
  ---
  duration_ms: 0.308526
  type: 'test'
  ...
# Subtest: Neutral Story Package export is deterministic, human-readable, and source-bound
ok 531 - Neutral Story Package export is deterministic, human-readable, and source-bound
  ---
  duration_ms: 30.29154
  type: 'test'
  ...
# Subtest: author-readable v2 renders the typed selected narrative body while preserving intentional JSON source text
ok 532 - author-readable v2 renders the typed selected narrative body while preserving intentional JSON source text
  ---
  duration_ms: 2.56227
  type: 'test'
  ...
# Subtest: mock HTTP adapter can be verified against a local fake server without external traffic
ok 533 - mock HTTP adapter can be verified against a local fake server without external traffic
  ---
  duration_ms: 27.691876
  type: 'test'
  ...
# Subtest: Neutral exporter exposes missing selections and rejects unsafe asset paths
ok 534 - Neutral exporter exposes missing selections and rejects unsafe asset paths
  ---
  duration_ms: 4.739575
  type: 'test'
  ...
# Subtest: adapter discovery, capability validation, idempotency, receipt hashes, and OutputArtifact handoff stay in one owner
ok 535 - adapter discovery, capability validation, idempotency, receipt hashes, and OutputArtifact handoff stay in one owner
  ---
  duration_ms: 56.756817
  type: 'test'
  ...
# Subtest: unavailable, failed, timeout, cancelled, secret, and traversal fixtures fail closed
ok 536 - unavailable, failed, timeout, cancelled, secret, and traversal fixtures fail closed
  ---
  duration_ms: 9.504179
  type: 'test'
  ...
# Subtest: configured Fountain.js adapter is a replaceable export plugin with an explicit confirmation boundary
ok 537 - configured Fountain.js adapter is a replaceable export plugin with an explicit confirmation boundary
  ---
  duration_ms: 3.771605
  type: 'test'
  ...
# Subtest: unconfigured real adapter stays unavailable and never executes
ok 538 - unconfigured real adapter stays unavailable and never executes
  ---
  duration_ms: 4.65572
  type: 'test'
  ...
# Subtest: Fountain.js node adapter rejects missing module configuration before spawning
ok 539 - Fountain.js node adapter rejects missing module configuration before spawning
  ---
  duration_ms: 0.495432
  type: 'test'
  ...
# Subtest: malformed packages fail validation and non-zero Fountain.js hosts produce failure receipts
ok 540 - malformed packages fail validation and non-zero Fountain.js hosts produce failure receipts
  ---
  duration_ms: 16.371602
  type: 'test'
  ...
# Subtest: capability set remains external and does not create an internal generator
ok 541 - capability set remains external and does not create an internal generator
  ---
  duration_ms: 0.255041
  type: 'test'
  ...
# Subtest: adapter service source has no real network, process, provider, or model execution path
ok 542 - adapter service source has no real network, process, provider, or model execution path
  ---
  duration_ms: 5.02228
  type: 'test'
  ...
# Subtest: Novel Document Model R1 keeps stable block IDs while paragraphs change
ok 543 - Novel Document Model R1 keeps stable block IDs while paragraphs change
  ---
  duration_ms: 1.882606
  type: 'test'
  ...
# Subtest: Novel Document Model R1 moves only sibling blocks and retains tree ownership
ok 544 - Novel Document Model R1 moves only sibling blocks and retains tree ownership
  ---
  duration_ms: 0.954875
  type: 'test'
  ...
# Subtest: Novel Document Model R1 keeps object references semantic and Markdown export deterministic
ok 545 - Novel Document Model R1 keeps object references semantic and Markdown export deterministic
  ---
  duration_ms: 0.593074
  type: 'test'
  ...
# Subtest: reviewed prose proposals retain an explicit existing object reference
ok 546 - reviewed prose proposals retain an explicit existing object reference
  ---
  duration_ms: 2.010567
  type: 'test'
  ...
# Subtest: Markdown projection imports back into a stable tree without private editor nodes
ok 547 - Markdown projection imports back into a stable tree without private editor nodes
  ---
  duration_ms: 1.624569
  type: 'test'
  ...
# Subtest: DocumentModel validation rejects duplicate, orphan, cycle, hierarchy, and reference errors
ok 548 - DocumentModel validation rejects duplicate, orphan, cycle, hierarchy, and reference errors
  ---
  duration_ms: 0.750003
  type: 'test'
  ...
# Subtest: inline edits keep an object token atomic and 100k Chinese characters serialise
ok 549 - inline edits keep an object token atomic and 100k Chinese characters serialise
  ---
  duration_ms: 0.653083
  type: 'test'
  ...
# Subtest: confirmed Event proposal records provenance and accepts only the target block
ok 550 - confirmed Event proposal records provenance and accepts only the target block
  ---
  duration_ms: 5.447635
  type: 'test'
  ...
# Subtest: rejecting a confirmed Event proposal keeps model text and references unchanged
ok 551 - rejecting a confirmed Event proposal keeps model text and references unchanged
  ---
  duration_ms: 0.778859
  type: 'test'
  ...
# Subtest: Event proposal fails closed when target block has changed
ok 552 - Event proposal fails closed when target block has changed
  ---
  duration_ms: 0.359776
  type: 'test'
  ...
# Subtest: Event proposal keeps technical provenance out of narrative content and exposes a clean diff
ok 553 - Event proposal keeps technical provenance out of narrative content and exposes a clean diff
  ---
  duration_ms: 0.293186
  type: 'test'
  ...
# Subtest: legacy v1 proposals are read as a clean in-memory projection without raw technical text
ok 554 - legacy v1 proposals are read as a clean in-memory projection without raw technical text
  ---
  duration_ms: 0.46348
  type: 'test'
  ...
# Subtest: legacy browser-shaped proposal removes mixed evidence and debug prose before any write
ok 555 - legacy browser-shaped proposal removes mixed evidence and debug prose before any write
  ---
  duration_ms: 0.293476
  type: 'test'
  ...
# Subtest: Agent proposal empty read is zero-write and V1 roundtrip is restart-stable
ok 556 - Agent proposal empty read is zero-write and V1 roundtrip is restart-stable
  ---
  duration_ms: 53.241596
  type: 'test'
  ...
# Subtest: duplicate recognition create is durable-idempotent while distinct sources remain independent
ok 557 - duplicate recognition create is durable-idempotent while distinct sources remain independent
  ---
  duration_ms: 37.76431
  type: 'test'
  ...
# Subtest: proposal parser rejects corrupt, oversized, deep, dangerous, and Event-shaped stores
ok 558 - proposal parser rejects corrupt, oversized, deep, dangerous, and Event-shaped stores
  ---
  duration_ms: 22.735154
  type: 'test'
  ...
# Subtest: proposal edit increments revision and invalid state transitions fail closed
ok 559 - proposal edit increments revision and invalid state transitions fail closed
  ---
  duration_ms: 31.588456
  type: 'test'
  ...
# Subtest: confirm retries and reload converge on one formal character and one receipt
ok 560 - confirm retries and reload converge on one formal character and one receipt
  ---
  duration_ms: 68.531593
  type: 'test'
  ...
# Subtest: interrupted confirm resumes with the durable operation without duplicating a character
ok 561 - interrupted confirm resumes with the durable operation without duplicating a character
  ---
  duration_ms: 72.492701
  type: 'test'
  ...
# Subtest: merge retries target the same formal character and preserve the existing object owner
ok 562 - merge retries target the same formal character and preserve the existing object owner
  ---
  duration_ms: 66.657945
  type: 'test'
  ...
# Subtest: attention context is deterministic, exact-versioned, and author-projectable
ok 563 - attention context is deterministic, exact-versioned, and author-projectable
  ---
  duration_ms: 3.497507
  type: 'test'
  ...
# Subtest: attention context fails closed on stale snapshots and wildcard revisions
ok 564 - attention context fails closed on stale snapshots and wildcard revisions
  ---
  duration_ms: 0.675496
  type: 'test'
  ...
# Subtest: story recall is rebuildable projection and never imports rejected candidate prose
ok 565 - story recall is rebuildable projection and never imports rejected candidate prose
  ---
  duration_ms: 0.419684
  type: 'test'
  ...
# Subtest: BoundedStorySnapshot freezes an author-readable allowlist with integrity
ok 566 - BoundedStorySnapshot freezes an author-readable allowlist with integrity
  ---
  duration_ms: 1.769163
  type: 'test'
  ...
# Subtest: snapshot integrity, stale revisions, and missing references fail closed
ok 567 - snapshot integrity, stale revisions, and missing references fail closed
  ---
  duration_ms: 5.957546
  type: 'test'
  ...
# Subtest: deterministic steps preserve knowledge boundaries and rejected changes have zero delta
ok 568 - deterministic steps preserve knowledge boundaries and rejected changes have zero delta
  ---
  duration_ms: 2.329543
  type: 'test'
  ...
# Subtest: pause, resume, and duplicate step receipts are idempotent
ok 569 - pause, resume, and duplicate step receipts are idempotent
  ---
  duration_ms: 1.635641
  type: 'test'
  ...
# Subtest: cancel rejects late results and remains recovered as cancelled
ok 570 - cancel rejects late results and remains recovered as cancelled
  ---
  duration_ms: 4.923296
  type: 'test'
  ...
# Subtest: fork from step two preserves the original branch and steering affects only future steps
ok 571 - fork from step two preserves the original branch and steering affects only future steps
  ---
  duration_ms: 6.273116
  type: 'test'
  ...
# Subtest: semantic branch comparison reports Event, knowledge, source, and rule differences
ok 572 - semantic branch comparison reports Event, knowledge, source, and rule differences
  ---
  duration_ms: 3.155625
  type: 'test'
  ...
# Subtest: Event Overlay keeps confirmed IDs and candidate IDs in separate read-only layers
ok 573 - Event Overlay keeps confirmed IDs and candidate IDs in separate read-only layers
  ---
  duration_ms: 2.661375
  type: 'test'
  ...
# Subtest: completed temporary branch prepares an idempotent Candidate/Impact handoff
ok 574 - completed temporary branch prepares an idempotent Candidate/Impact handoff
  ---
  duration_ms: 8.972105
  type: 'test'
  ...
# Subtest: replay is deterministic and makes zero Provider calls
ok 575 - replay is deterministic and makes zero Provider calls
  ---
  duration_ms: 6.754641
  type: 'test'
  ...
# Subtest: view state and comparison pair survive persistence inside the existing RunPack
ok 576 - view state and comparison pair survive persistence inside the existing RunPack
  ---
  duration_ms: 33.175351
  type: 'test'
  ...
# Subtest: candidate author view is concise, strategy-specific, and hides technical repetition
ok 577 - candidate author view is concise, strategy-specific, and hides technical repetition
  ---
  duration_ms: 1.604861
  type: 'test'
  ...
# Subtest: Codex backend is experimentally unsafe and normal tests make zero process calls
ok 578 - Codex backend is experimentally unsafe and normal tests make zero process calls
  ---
  duration_ms: 14.794044
  type: 'test'
  ...
# Subtest: Codex executable discovery is explicit-first, PATH-aware, and fail-closed for invalid configuration
ok 579 - Codex executable discovery is explicit-first, PATH-aware, and fail-closed for invalid configuration
  ---
  duration_ms: 0.540641
  type: 'test'
  ...
# Subtest: hostile goals and workspace paths remain inert while Codex process integration is disabled
ok 580 - hostile goals and workspace paths remain inert while Codex process integration is disabled
  ---
  duration_ms: 23.59362
  type: 'test'
  ...
# Subtest: Codex backend source has no process launcher, shell execution, or parent environment forwarding
ok 581 - Codex backend source has no process launcher, shell execution, or parent environment forwarding
  ---
  duration_ms: 0.423291
  type: 'test'
  ...
# Subtest: director defaults are bounded, provider-free, and exclude owner powers
ok 582 - director defaults are bounded, provider-free, and exclude owner powers
  ---
  duration_ms: 2.937266
  type: 'test'
  ...
# Subtest: prediction and temporary agents require explicit grants and stay Run-local
ok 583 - prediction and temporary agents require explicit grants and stay Run-local
  ---
  duration_ms: 2.041809
  type: 'test'
  ...
# Subtest: longform orchestration advances in stages and closes on author checkpoints
ok 584 - longform orchestration advances in stages and closes on author checkpoints
  ---
  duration_ms: 1.604179
  type: 'test'
  ...
# Subtest: director state persists inside the existing Run Pack only
ok 585 - director state persists inside the existing Run Pack only
  ---
  duration_ms: 6.166076
  type: 'test'
  ...
# Subtest: one backend interface keeps deterministic output bounded and accepted before caching
ok 586 - one backend interface keeps deterministic output bounded and accepted before caching
  ---
  duration_ms: 36.963357
  type: 'test'
  ...
# Subtest: cache identity cannot cross profile, model identity, schema metadata, or stale context
ok 587 - cache identity cannot cross profile, model identity, schema metadata, or stale context
  ---
  duration_ms: 23.795085
  type: 'test'
  ...
# Subtest: invalid results are rejected, never cached, and cannot enter synthesis
ok 588 - invalid results are rejected, never cached, and cannot enter synthesis
  ---
  duration_ms: 25.606612
  type: 'test'
  ...
# Subtest: required results block synthesis while missing optional results create marked partial coverage
ok 589 - required results block synthesis while missing optional results create marked partial coverage
  ---
  duration_ms: 13.572796
  type: 'test'
  ...
# Subtest: external imports are path bounded, size limited, non-symlink, strict, and not cacheable
ok 590 - external imports are path bounded, size limited, non-symlink, strict, and not cacheable
  ---
  duration_ms: 28.720304
  type: 'test'
  ...
# Subtest: retry, timeout, cancellation, and concurrency are bounded with no silent fallback
ok 591 - retry, timeout, cancellation, and concurrency are bounded with no silent fallback
  ---
  duration_ms: 61.95875
  type: 'test'
  ...
# Subtest: event diagnostics are sanitized and malformed final JSONL lines recover safely
ok 592 - event diagnostics are sanitized and malformed final JSONL lines recover safely
  ---
  duration_ms: 16.49826
  type: 'test'
  ...
# Subtest: N2B selects required and older goal-relevant authorized sources deterministically within budget
ok 593 - N2B selects required and older goal-relevant authorized sources deterministically within budget
  ---
  duration_ms: 10.528219
  type: 'test'
  ...
# Subtest: N2B changing the lawful goal changes ranking without adding an unavailable secret
ok 594 - N2B changing the lawful goal changes ranking without adding an unavailable secret
  ---
  duration_ms: 0.40247
  type: 'test'
  ...
# Subtest: N2B reports required-source overflow instead of truncating mandatory meaning
ok 595 - N2B reports required-source overflow instead of truncating mandatory meaning
  ---
  duration_ms: 0.230232
  type: 'test'
  ...
# Subtest: N1 persists a derived IF source identity without collapsing it into mainline
ok 596 - N1 persists a derived IF source identity without collapsing it into mainline
  ---
  duration_ms: 29.858579
  type: 'test'
  ...
# Subtest: N1 compiles role-local context by stable ID and never leaks author secret material
ok 597 - N1 compiles role-local context by stable ID and never leaks author secret material
  ---
  duration_ms: 15.317231
  type: 'test'
  ...
# Subtest: N1 durably records a local Provider validation failure without reserving or consuming a send
ok 598 - N1 durably records a local Provider validation failure without reserving or consuming a send
  ---
  duration_ms: 50.055942
  type: 'test'
  ...
# Subtest: N2B sends an early goal-relevant clue instead of the full authorized history
ok 599 - N2B sends an early goal-relevant clue instead of the full authorized history
  ---
  duration_ms: 25.453892
  type: 'test'
  ...
# Subtest: N1 embeds its lifecycle ledger in the existing RunPack and projects its active status
ok 600 - N1 embeds its lifecycle ledger in the existing RunPack and projects its active status
  ---
  duration_ms: 25.864218
  type: 'test'
  ...
# Subtest: N1 reads the former sibling ledger once and migrates it on its next write
ok 601 - N1 reads the former sibling ledger once and migrates it on its next write
  ---
  duration_ms: 8.152525
  type: 'test'
  ...
# Subtest: N1 requires a role-context tool round trip before committing a structured scene step
ok 602 - N1 requires a role-context tool round trip before committing a structured scene step
  ---
  duration_ms: 10.81382
  type: 'test'
  ...
# Subtest: N1 advances a frozen multi-unit range internally without asking the author to create a Run per unit
ok 603 - N1 advances a frozen multi-unit range internally without asking the author to create a Run per unit
  ---
  duration_ms: 36.128008
  type: 'test'
  ...
# Subtest: N1 next actor receives actual prior dialogue but not the other actor's beliefs or hidden facts
ok 604 - N1 next actor receives actual prior dialogue but not the other actor's beliefs or hidden facts
  ---
  duration_ms: 20.44053
  type: 'test'
  ...
# Subtest: N1 pause, resume, and author cue preserve a bounded future-only control point
ok 605 - N1 pause, resume, and author cue preserve a bounded future-only control point
  ---
  duration_ms: 29.962944
  type: 'test'
  ...
# Subtest: N1 cancellation wins over a late adapter result and repeated operation IDs do not dispatch again
ok 606 - N1 cancellation wins over a late adapter result and repeated operation IDs do not dispatch again
  ---
  duration_ms: 16.977581
  type: 'test'
  ...
# Subtest: N1 refuses a different operation while a persisted Provider attempt is still pending
ok 607 - N1 refuses a different operation while a persisted Provider attempt is still pending
  ---
  duration_ms: 20.208625
  type: 'test'
  ...
# Subtest: N1 cold reads replay no dispatch and selected steps build candidate-only handoff
ok 608 - N1 cold reads replay no dispatch and selected steps build candidate-only handoff
  ---
  duration_ms: 25.117652
  type: 'test'
  ...
# Subtest: N1 records cross-character tools as failed attempts and stops at the six-step/twelve-dispatch bound
ok 609 - N1 records cross-character tools as failed attempts and stops at the six-step/twelve-dispatch bound
  ---
  duration_ms: 52.820169
  type: 'test'
  ...
# Subtest: N1 records an invalid post-result delivery contract as a terminal failed attempt
ok 610 - N1 records an invalid post-result delivery contract as a terminal failed attempt
  ---
  duration_ms: 17.200979
  type: 'test'
  ...
# Subtest: N1 pause wins over an in-flight continuation from its pre-dispatch revision
ok 611 - N1 pause wins over an in-flight continuation from its pre-dispatch revision
  ---
  duration_ms: 20.844954
  type: 'test'
  ...
# Subtest: N1 blocks exact and conservatively estimated token overages without committing
ok 612 - N1 blocks exact and conservatively estimated token overages without committing
  ---
  duration_ms: 31.128121
  type: 'test'
  ...
# Subtest: N1 handoff operation binds its selected-step payload exactly
ok 613 - N1 handoff operation binds its selected-step payload exactly
  ---
  duration_ms: 15.031691
  type: 'test'
  ...
# Subtest: C0: an EEXIST contender confirms directory durability while the creator is blocked after link
ok 614 - C0: an EEXIST contender confirms directory durability while the creator is blocked after link
  ---
  duration_ms: 449.58507
  type: 'test'
  ...
# Subtest: C1: same-content cross-process publication is content-idempotent and restart-stable
ok 615 - C1: same-content cross-process publication is content-idempotent and restart-stable
  ---
  duration_ms: 532.465624
  type: 'test'
  ...
# Subtest: C2: different-content cross-process publication keeps one immutable winner and fails the loser closed
ok 616 - C2: different-content cross-process publication keeps one immutable winner and fails the loser closed
  ---
  duration_ms: 524.57338
  type: 'test'
  ...
# Subtest: C3: byte-identical existing bundle returns the existing run identity
ok 617 - C3: byte-identical existing bundle returns the existing run identity
  ---
  duration_ms: 25.158402
  type: 'test'
  ...
# Subtest: C4: semantic-equivalent pretty JSON with different whitespace fails closed
ok 618 - C4: semantic-equivalent pretty JSON with different whitespace fails closed
  ---
  duration_ms: 16.348947
  type: 'test'
  ...
# Subtest: C5: semantic-equivalent JSON with different key order fails closed
ok 619 - C5: semantic-equivalent JSON with different key order fails closed
  ---
  duration_ms: 8.169639
  type: 'test'
  ...
# Subtest: C6: semantic-equivalent JSON with an additional trailing newline fails closed
ok 620 - C6: semantic-equivalent JSON with an additional trailing newline fails closed
  ---
  duration_ms: 10.522849
  type: 'test'
  ...
# Subtest: legacy Run Packs project an empty rehearsal state without migration writes
ok 621 - legacy Run Packs project an empty rehearsal state without migration writes
  ---
  duration_ms: 91.40028
  type: 'test'
  ...
# Subtest: rehearsal V1 persists two formal Agents and ordered speech/action events
ok 622 - rehearsal V1 persists two formal Agents and ordered speech/action events
  ---
  duration_ms: 74.933542
  type: 'test'
  ...
# Subtest: roster duplicates, missing objects, and stale source revisions fail before persistence
ok 623 - roster duplicates, missing objects, and stale source revisions fail before persistence
  ---
  duration_ms: 60.218864
  type: 'test'
  ...
# Subtest: event parser rejects duplicate sequence, foreign actors, cross-unit events, and unknown side effects
ok 624 - event parser rejects duplicate sequence, foreign actors, cross-unit events, and unknown side effects
  ---
  duration_ms: 96.80978
  type: 'test'
  ...
# Subtest: one rehearsal stream accepts explicit narrative psychology, coordination, narration, and checkpoints
ok 625 - one rehearsal stream accepts explicit narrative psychology, coordination, narration, and checkpoints
  ---
  duration_ms: 46.012373
  type: 'test'
  ...
# Subtest: rehearsal transport parser enforces bounded JSON size, depth, and exact fields
ok 626 - rehearsal transport parser enforces bounded JSON size, depth, and exact fields
  ---
  duration_ms: 40.758187
  type: 'test'
  ...
# Subtest: immutable revisions append, latest pointer recovers, and old bytes never change
ok 627 - immutable revisions append, latest pointer recovers, and old bytes never change
  ---
  duration_ms: 86.387709
  type: 'test'
  ...
# Subtest: temporary variables and creative boosts are visible, scoped, disableable, and never Canon
ok 628 - temporary variables and creative boosts are visible, scoped, disableable, and never Canon
  ---
  duration_ms: 51.57855
  type: 'test'
  ...
# Subtest: pending intervention has no side effect and approved apply is durable-idempotent
ok 629 - pending intervention has no side effect and approved apply is durable-idempotent
  ---
  duration_ms: 89.716725
  type: 'test'
  ...
# Subtest: memory and relationship changes remain reviewable unit deltas only
ok 630 - memory and relationship changes remain reviewable unit deltas only
  ---
  duration_ms: 37.794991
  type: 'test'
  ...
# Subtest: R0 fixture isolates actor knowledge and keeps passive entities passive
ok 631 - R0 fixture isolates actor knowledge and keeps passive entities passive
  ---
  duration_ms: 5.023803
  type: 'test'
  ...
# Subtest: unknown secret citations fail closed instead of being repaired
ok 632 - unknown secret citations fail closed instead of being repaired
  ---
  duration_ms: 1.216177
  type: 'test'
  ...
# Subtest: ObservationReceipt transfers the secret to B, while C remains unaware
ok 633 - ObservationReceipt transfers the secret to B, while C remains unaware
  ---
  duration_ms: 4.071904
  type: 'test'
  ...
# Subtest: resolver rejects an unreachable move and an exhausted resource
ok 634 - resolver rejects an unreachable move and an exhausted resource
  ---
  duration_ms: 3.734061
  type: 'test'
  ...
# Subtest: the deterministic loop performs one step and only changes the Run sandbox
ok 635 - the deterministic loop performs one step and only changes the Run sandbox
  ---
  duration_ms: 1.478813
  type: 'test'
  ...
# Subtest: actor resource projections stay aligned with the Run sandbox
ok 636 - actor resource projections stay aligned with the Run sandbox
  ---
  duration_ms: 12.879626
  type: 'test'
  ...
# Subtest: pause prevents new steps and single-step is exact
ok 637 - pause prevents new steps and single-step is exact
  ---
  duration_ms: 0.84566
  type: 'test'
  ...
# Subtest: checkpoint hashes are stable and persist through reload
ok 638 - checkpoint hashes are stable and persist through reload
  ---
  duration_ms: 1.087595
  type: 'test'
  ...
# Subtest: intervention is a separate author event and does not rewrite the old ledger
ok 639 - intervention is a separate author event and does not rewrite the old ledger
  ---
  duration_ms: 2.457374
  type: 'test'
  ...
# Subtest: child Run shares only the checkpoint prefix and cannot mutate its parent
ok 640 - child Run shares only the checkpoint prefix and cannot mutate its parent
  ---
  duration_ms: 5.132056
  type: 'test'
  ...
# Subtest: replay consumes the saved ledger without regenerating actions
ok 641 - replay consumes the saved ledger without regenerating actions
  ---
  duration_ms: 8.27732
  type: 'test'
  ...
# Subtest: candidate builder is traceable, review-gated, and stale-safe
ok 642 - candidate builder is traceable, review-gated, and stale-safe
  ---
  duration_ms: 6.327252
  type: 'test'
  ...
# Subtest: RunPack persistence appends the Event Ledger and restores the selected Run
ok 643 - RunPack persistence appends the Event Ledger and restores the selected Run
  ---
  duration_ms: 72.350692
  type: 'test'
  ...
# Subtest: validation rejects a tampered Run and Provider cost remains zero
ok 644 - validation rejects a tampered Run and Provider cost remains zero
  ---
  duration_ms: 7.410128
  type: 'test'
  ...
# Subtest: only evidence-critic executes approved recall and existing Nuwa validation accepts canonical references
ok 645 - only evidence-critic executes approved recall and existing Nuwa validation accepts canonical references
  ---
  duration_ms: 37.756665
  type: 'test'
  ...
# Subtest: disabled policy and budget states remain explicit reduced coverage with no silent fallback
ok 646 - disabled policy and budget states remain explicit reduced coverage with no silent fallback
  ---
  duration_ms: 14.069932
  type: 'test'
  ...
# Subtest: invalid recalled references are rejected before existing Nuwa evidence validation and synthesis
ok 647 - invalid recalled references are rejected before existing Nuwa evidence validation and synthesis
  ---
  duration_ms: 9.231142
  type: 'test'
  ...
# Subtest: capability configuration participates in deterministic backend cache identity
ok 648 - capability configuration participates in deterministic backend cache identity
  ---
  duration_ms: 19.876772
  type: 'test'
  ...
# Subtest: Nuwa has one supervisory identity and only delegates bounded specialist tasks
ok 649 - Nuwa has one supervisory identity and only delegates bounded specialist tasks
  ---
  duration_ms: 22.902483
  type: 'test'
  ...
# Subtest: specialist results return through Nuwa synthesis as multiple unselected candidate futures
ok 650 - specialist results return through Nuwa synthesis as multiple unselected candidate futures
  ---
  duration_ms: 19.117914
  type: 'test'
  ...
# Subtest: unsupported assumptions and specialist disagreement remain visible to the author
ok 651 - unsupported assumptions and specialist disagreement remain visible to the author
  ---
  duration_ms: 12.949884
  type: 'test'
  ...
# Subtest: external specialist results cannot bypass Nuwa synthesis or author confirmation
ok 652 - external specialist results cannot bypass Nuwa synthesis or author confirmation
  ---
  duration_ms: 357.665742
  type: 'test'
  ...
# Subtest: Story Intelligence retains one planner, one runner, and one synthesis path
ok 653 - Story Intelligence retains one planner, one runner, and one synthesis path
  ---
  duration_ms: 1.966401
  type: 'test'
  ...
# Subtest: source import is idempotent and appends immutable revisions
ok 654 - source import is idempotent and appends immutable revisions
  ---
  duration_ms: 3.007584
  type: 'test'
  ...
# Subtest: deterministic extraction creates stable anchors and explicit candidate kinds
ok 655 - deterministic extraction creates stable anchors and explicit candidate kinds
  ---
  duration_ms: 4.478623
  type: 'test'
  ...
# Subtest: reject is zero-write, accepted candidates carry Author Control, and stale candidates fail closed
ok 656 - reject is zero-write, accepted candidates carry Author Control, and stale candidates fail closed
  ---
  duration_ms: 2.573162
  type: 'test'
  ...
# Subtest: handoff requires an accepted Unit and binds the exact source revision
ok 657 - handoff requires an accepted Unit and binds the exact source revision
  ---
  duration_ms: 2.381065
  type: 'test'
  ...
# Subtest: Story Snapshot is deterministic Markdown metadata with no copied full prose
ok 658 - Story Snapshot is deterministic Markdown metadata with no copied full prose
  ---
  duration_ms: 23.83781
  type: 'test'
  ...
# Subtest: server-selected source identities extend only the bounded selection set
ok 659 - server-selected source identities extend only the bounded selection set
  ---
  duration_ms: 26.874591
  type: 'test'
  ...
# Subtest: Nuwa planner selects only relevant specialist roles and bounded no-write tasks
ok 660 - Nuwa planner selects only relevant specialist roles and bounded no-write tasks
  ---
  duration_ms: 13.895139
  type: 'test'
  ...
# Subtest: deterministic Nuwa results and synthesis are stable, evidence-backed, and unselected
ok 661 - deterministic Nuwa results and synthesis are stable, evidence-backed, and unselected
  ---
  duration_ms: 5.63899
  type: 'test'
  ...
# Subtest: distinct bounded goals produce variable deduplicated candidate counts
ok 662 - distinct bounded goals produce variable deduplicated candidate counts
  ---
  duration_ms: 5.851218
  type: 'test'
  ...
# Subtest: unsupported facts, stale results, duplicate branches, and disagreements stay explicit
ok 663 - unsupported facts, stale results, duplicate branches, and disagreements stay explicit
  ---
  duration_ms: 8.352137
  type: 'test'
  ...
# Subtest: Nuwa run pack uses the existing workspace runs directory and external task Markdown
ok 664 - Nuwa run pack uses the existing workspace runs directory and external task Markdown
  ---
  duration_ms: 18.131647
  type: 'test'
  ...
# Subtest: Nuwa author review reuses Decision Workspace and Change Preview without mutating Markdown
ok 665 - Nuwa author review reuses Decision Workspace and Change Preview without mutating Markdown
  ---
  duration_ms: 13.342885
  type: 'test'
  ...
# Subtest: Story Intelligence benchmark records ten deterministic baseline cases without claiming model quality
ok 666 - Story Intelligence benchmark records ten deterministic baseline cases without claiming model quality
  ---
  duration_ms: 46.798928
  type: 'test'
  ...
# Subtest: Story Intelligence source remains provider-neutral, no-write, non-recursive, and outside runtime systems
ok 667 - Story Intelligence source remains provider-neutral, no-write, non-recursive, and outside runtime systems
  ---
  duration_ms: 3.85105
  type: 'test'
  ...
# Subtest: Execution Brief v1 rejects unknown, dangerous, unbounded, and path-bearing input
ok 668 - Execution Brief v1 rejects unknown, dangerous, unbounded, and path-bearing input
  ---
  duration_ms: 12.555249
  type: 'test'
  ...
# Subtest: Execution Brief revisions are append-only, hash-bound, and approval-neutral
ok 669 - Execution Brief revisions are append-only, hash-bound, and approval-neutral
  ---
  duration_ms: 6.243147
  type: 'test'
  ...
# Subtest: Execution Brief source-set hash binds each source identity to its own hash
ok 670 - Execution Brief source-set hash binds each source identity to its own hash
  ---
  duration_ms: 0.659064
  type: 'test'
  ...
# Subtest: Result Receipt v1 binds an existing Nuwa run and derives no stale or partial eligibility
ok 671 - Result Receipt v1 binds an existing Nuwa run and derives no stale or partial eligibility
  ---
  duration_ms: 1.800094
  type: 'test'
  ...
# Subtest: acceptance runtime diagnostics require the canonical Node 22 and npm 10 pair
ok 672 - acceptance runtime diagnostics require the canonical Node 22 and npm 10 pair
  ---
  duration_ms: 1.547698
  type: 'test'
  ...
# Subtest: a preserved acceptance fixture remains inspectable until explicit cleanup
ok 673 - a preserved acceptance fixture remains inspectable until explicit cleanup
  ---
  duration_ms: 1.378175
  type: 'test'
  ...
# Subtest: E2E fixture roots and project identifiers are unique, while production still rejects a duplicate project folder
ok 674 - E2E fixture roots and project identifiers are unique, while production still rejects a duplicate project folder
  ---
  duration_ms: 34.151648
  type: 'test'
  ...
# Subtest: bounded teardown escalates an unresponsive child and removes exit listeners
ok 675 - bounded teardown escalates an unresponsive child and removes exit listeners
  ---
  duration_ms: 64.156714
  type: 'test'
  ...
# Subtest: bounded teardown accepts graceful and already-exited children
ok 676 - bounded teardown accepts graceful and already-exited children
  ---
  duration_ms: 57.504335
  type: 'test'
  ...
# Subtest: generic cleanup wait rejects within its bound
ok 677 - generic cleanup wait rejects within its bound
  ---
  duration_ms: 21.579426
  type: 'test'
  ...
# Subtest: character directory summary only renders safe user content from the shared section parser
ok 678 - character directory summary only renders safe user content from the shared section parser
  ---
  duration_ms: 2.806199
  type: 'test'
  ...
# Subtest: directory sorting is deterministic with title and object ID fallbacks
ok 679 - directory sorting is deterministic with title and object ID fallbacks
  ---
  duration_ms: 7.38086
  type: 'test'
  ...
# Subtest: custom role levels use unicode-safe project values without a new store
ok 680 - custom role levels use unicode-safe project values without a new store
  ---
  duration_ms: 0.511364
  type: 'test'
  ...
# Subtest: directory density and sort share one browser preference scoped by user and object type
ok 681 - directory density and sort share one browser preference scoped by user and object type
  ---
  duration_ms: 0.39748
  type: 'test'
  ...
# Subtest: character quick inspector delegates complete reading and editing to the central workspace without a second write path
ok 682 - character quick inspector delegates complete reading and editing to the central workspace without a second write path
  ---
  duration_ms: 2.499056
  type: 'test'
  ...
# Subtest: Candidate impact preview writes no formal Event before author confirmation
ok 683 - Candidate impact preview writes no formal Event before author confirmation
  ---
  duration_ms: 117.937178
  type: 'test'
  ...
# Subtest: rejected Candidate creates zero formal writes
ok 684 - rejected Candidate creates zero formal writes
  ---
  duration_ms: 36.983477
  type: 'test'
  ...
# Subtest: author confirmation is idempotent and recovers after restart from existing owners
ok 685 - author confirmation is idempotent and recovers after restart from existing owners
  ---
  duration_ms: 470.094355
  type: 'test'
  ...
# Subtest: fixture mutation adapter rejects a non-isolated project
ok 686 - fixture mutation adapter rejects a non-isolated project
  ---
  duration_ms: 35.677573
  type: 'test'
  ...
# Subtest: A to B to A creates a new visit, so the first A write/read response cannot repaint the second A screen
ok 687 - A to B to A creates a new visit, so the first A write/read response cannot repaint the second A screen
  ---
  duration_ms: 0.668883
  type: 'test'
  ...
# Subtest: download scope only becomes current when its Story Unit and all selected formal events match
ok 688 - download scope only becomes current when its Story Unit and all selected formal events match
  ---
  duration_ms: 0.170465
  type: 'test'
  ...
# Subtest: an artifact route remains bound to its original project instead of leaking across a project switch
ok 689 - an artifact route remains bound to its original project instead of leaking across a project switch
  ---
  duration_ms: 0.122881
  type: 'test'
  ...
# Subtest: fixed artifact route survives the null-Project bootstrap before its bound Project is known
ok 690 - fixed artifact route survives the null-Project bootstrap before its bound Project is known
  ---
  duration_ms: 0.247807
  type: 'test'
  ...
# Subtest: R4 directory coalesces concurrent project reads and releases the entry after completion
ok 691 - R4 directory coalesces concurrent project reads and releases the entry after completion
  ---
  duration_ms: 1.729536
  type: 'test'
  ...
# Subtest: R4 directory times out a hung shared read, aborts it, and permits recovery
ok 692 - R4 directory times out a hung shared read, aborts it, and permits recovery
  ---
  duration_ms: 10.652143
  type: 'test'
  ...
# Subtest: R4 response-driven reads do not turn a busy local owner into a false timeout
ok 693 - R4 response-driven reads do not turn a busy local owner into a false timeout
  ---
  duration_ms: 25.505293
  type: 'test'
  ...
# Subtest: R4 directory reuses only a bounded fresh snapshot and invalidates it on writes
ok 694 - R4 directory reuses only a bounded fresh snapshot and invalidates it on writes
  ---
  duration_ms: 34.061972
  type: 'test'
  ...
# Subtest: R4 directory does not refill a fresh snapshot from a read that began before a write
ok 695 - R4 directory does not refill a fresh snapshot from a read that began before a write
  ---
  duration_ms: 0.552274
  type: 'test'
  ...
# Subtest: R4 directory does not retain a read that started while a write was still pending
ok 696 - R4 directory does not retain a read that started while a write was still pending
  ---
  duration_ms: 0.31611
  type: 'test'
  ...
# Subtest: R4 directory closing a write boundary preserves a read that began after the write
ok 697 - R4 directory closing a write boundary preserves a read that began after the write
  ---
  duration_ms: 0.331662
  type: 'test'
  ...
# Subtest: R4 directory exposes write-boundary completion before a fenced caller retries
ok 698 - R4 directory exposes write-boundary completion before a fenced caller retries
  ---
  duration_ms: 0.254129
  type: 'test'
  ...
# Subtest: R4 directory distinguishes legitimate empty, project mismatch, cleanup, and ready data
ok 699 - R4 directory distinguishes legitimate empty, project mismatch, cleanup, and ready data
  ---
  duration_ms: 0.306101
  type: 'test'
  ...
# Subtest: the Event editor projection persists stable participant subjects beside legacy display labels
ok 700 - the Event editor projection persists stable participant subjects beside legacy display labels
  ---
  duration_ms: 68.550892
  type: 'test'
  ...
# Subtest: the generic integrity gate rejects deterministic tiled PNG fixtures
ok 701 - the generic integrity gate rejects deterministic tiled PNG fixtures
  ---
  duration_ms: 319.173853
  type: 'test'
  ...
# Subtest: semantic descriptions cannot count duplicate bytes as two independent visual states
ok 702 - semantic descriptions cannot count duplicate bytes as two independent visual states
  ---
  duration_ms: 31.633724
  type: 'test'
  ...
# Subtest: golden loop validates Tianyi and Nuwa boundaries and emits candidate-only output
ok 703 - golden loop validates Tianyi and Nuwa boundaries and emits candidate-only output
  ---
  duration_ms: 4.415619
  type: 'test'
  ...
# Subtest: golden loop gives both stages one bounded source pack and accepts a fenced provider object
ok 704 - golden loop gives both stages one bounded source pack and accepts a fenced provider object
  ---
  duration_ms: 1.161641
  type: 'test'
  ...
# Subtest: Golden Loop context pack ignores a forged client background and only accepts the server-derived selection
ok 705 - Golden Loop context pack ignores a forged client background and only accepts the server-derived selection
  ---
  duration_ms: 0.29563
  type: 'test'
  ...
# Subtest: structured validators reject unknown fields and fewer than two candidate futures
ok 706 - structured validators reject unknown fields and fewer than two candidate futures
  ---
  duration_ms: 0.475333
  type: 'test'
  ...
# Subtest: Candidate Review projection keeps distinct validated RunPack branches
ok 707 - Candidate Review projection keeps distinct validated RunPack branches
  ---
  duration_ms: 0.799479
  type: 'test'
  ...
# Subtest: server-derived document selection freezes JavaScript UTF-16 offsets for Chinese, emoji, and combining characters
ok 708 - server-derived document selection freezes JavaScript UTF-16 offsets for Chinese, emoji, and combining characters
  ---
  duration_ms: 1.820814
  type: 'test'
  ...
# Subtest: document ID, revision, range, and surrogate boundaries fail closed
ok 709 - document ID, revision, range, and surrogate boundaries fail closed
  ---
  duration_ms: 0.640007
  type: 'test'
  ...
# Subtest: Receipt binding rejects content-digest drift and a document changed after client selection
ok 710 - Receipt binding rejects content-digest drift and a document changed after client selection
  ---
  duration_ms: 0.254349
  type: 'test'
  ...
# Subtest: source authority resolves only stable IDs and versions, rejects forged background, and has no write path
ok 711 - source authority resolves only stable IDs and versions, rejects forged background, and has no write path
  ---
  duration_ms: 1.301966
  type: 'test'
  ...
# Subtest: stable event references contain no narrative authority and reject unknown fields
ok 712 - stable event references contain no narrative authority and reject unknown fields
  ---
  duration_ms: 0.216925
  type: 'test'
  ...
# Subtest: Golden Loop HTTP route derives one immutable Receipt from server-resolved document source
ok 713 - Golden Loop HTTP route derives one immutable Receipt from server-resolved document source
  ---
  duration_ms: 972.001777
  type: 'test'
  ...
# Subtest: selected image bytes cross the existing Gateway and structured observation remains advisory
ok 714 - selected image bytes cross the existing Gateway and structured observation remains advisory
  ---
  duration_ms: 23.81798
  type: 'test'
  ...
# Subtest: non-visual profiles and changed image revisions fail before transport
ok 715 - non-visual profiles and changed image revisions fail before transport
  ---
  duration_ms: 1.246988
  type: 'test'
  ...
# Subtest: image-up cannot be silently promoted to map north
ok 716 - image-up cannot be silently promoted to map north
  ---
  duration_ms: 0.278908
  type: 'test'
  ...
# Subtest: live pilot requires verified USD pricing before reserving a provider call
ok 717 - live pilot requires verified USD pricing before reserving a provider call
  ---
  duration_ms: 1.145519
  type: 'test'
  ...
# Subtest: live pilot performs three serial independent calls with one immutable context hash
ok 718 - live pilot performs three serial independent calls with one immutable context hash
  ---
  duration_ms: 9.067101
  type: 'test'
  ...
# Subtest: live pilot uses at most one repair retry and rejects unknown fields
ok 719 - live pilot uses at most one repair retry and rejects unknown fields
  ---
  duration_ms: 1.026244
  type: 'test'
  ...
# Subtest: live candidate validation fails closed for unavailable sources and actors
ok 720 - live candidate validation fails closed for unavailable sources and actors
  ---
  duration_ms: 0.416448
  type: 'test'
  ...
# Subtest: live pilot exposes sanitized failure receipts without raw provider text
ok 721 - live pilot exposes sanitized failure receipts without raw provider text
  ---
  duration_ms: 1.119929
  type: 'test'
  ...
# Subtest: live HTTP dispatch carries only the approved brief Attention Context into the Run Pack
ok 722 - live HTTP dispatch carries only the approved brief Attention Context into the Run Pack
  ---
  duration_ms: 1.258862
  type: 'test'
  ...
# Subtest: local diagnostics redact prose, prompts, credentials, and nested sensitive fields
ok 723 - local diagnostics redact prose, prompts, credentials, and nested sensitive fields
  ---
  duration_ms: 1.791827
  type: 'test'
  ...
# Subtest: local diagnostics persist a bounded ring buffer and expire old events
ok 724 - local diagnostics persist a bounded ring buffer and expire old events
  ---
  duration_ms: 3.872182
  type: 'test'
  ...
# Subtest: diagnostic export contains status context and no raw content
ok 725 - diagnostic export contains status context and no raw content
  ---
  duration_ms: 0.512476
  type: 'test'
  ...
# Subtest: real map Provider adapter keeps references read-only and preserves selected line endpoints
ok 726 - real map Provider adapter keeps references read-only and preserves selected line endpoints
  ---
  duration_ms: 3.86088
  type: 'test'
  ...
# Subtest: real map Provider adapter rejects reference mutation, endpoint drift and region overflow
ok 727 - real map Provider adapter rejects reference mutation, endpoint drift and region overflow
  ---
  duration_ms: 1.998664
  type: 'test'
  ...
# Subtest: only explicit area polygons can become deterministic avoidance constraints
ok 728 - only explicit area polygons can become deterministic avoidance constraints
  ---
  duration_ms: 0.698782
  type: 'test'
  ...
# Subtest: real map Provider adapter assigns trusted identities and refuses implicit whole-map scope
ok 729 - real map Provider adapter assigns trusted identities and refuses implicit whole-map scope
  ---
  duration_ms: 3.870408
  type: 'test'
  ...
# Subtest: ordinary line editing does not infer endpoint or avoidance constraints from read-only references
ok 730 - ordinary line editing does not infer endpoint or avoidance constraints from read-only references
  ---
  duration_ms: 0.581031
  type: 'test'
  ...
# Subtest: north-side moves require authored north and one explicit read-only reference
ok 731 - north-side moves require authored north and one explicit read-only reference
  ---
  duration_ms: 0.525882
  type: 'test'
  ...
# Subtest: real map Provider adapter forwards cancellation without creating a parsed result
ok 732 - real map Provider adapter forwards cancellation without creating a parsed result
  ---
  duration_ms: 0.454533
  type: 'test'
  ...
# Subtest: map related people come only from explicit active confirmed relations
ok 733 - map related people come only from explicit active confirmed relations
  ---
  duration_ms: 1.438525
  type: 'test'
  ...
# Subtest: map relation presentation preserves direction and exact event revision
ok 734 - map relation presentation preserves direction and exact event revision
  ---
  duration_ms: 0.277585
  type: 'test'
  ...
# Subtest: material file transport preserves bytes, revisions, partial receipts and token-protected downloads
ok 735 - material file transport preserves bytes, revisions, partial receipts and token-protected downloads
  ---
  duration_ms: 851.878316
  type: 'test'
  ...
# Subtest: server-only real Provider adapter drives the Pi tool loop through the existing broker
ok 736 - server-only real Provider adapter drives the Pi tool loop through the existing broker
  ---
  duration_ms: 337.703541
  type: 'test'
  ...
# Subtest: real Provider adapter fails closed before dispatch when configuration is unavailable
ok 737 - real Provider adapter fails closed before dispatch when configuration is unavailable
  ---
  duration_ms: 0.278197
  type: 'test'
  ...
# Subtest: real Provider smoke command defaults to a zero-call confirmation gate
ok 738 - real Provider smoke command defaults to a zero-call confirmation gate
  ---
  duration_ms: 67.931745
  type: 'test'
  ...
# Subtest: B1-C materializes selected Owner facts, recovers a lost response, and compensates without changing the IF
ok 739 - B1-C materializes selected Owner facts, recovers a lost response, and compensates without changing the IF
  ---
  duration_ms: 1256.677081
  type: 'test'
  ...
# Subtest: B1 rehearsal UI is explicitly local, isolated, and receipt-backed
ok 740 - B1 rehearsal UI is explicitly local, isolated, and receipt-backed
  ---
  duration_ms: 4.253391
  type: 'test'
  ...
# Subtest: empty Multiverse has no automatic root, derived, or Nuwa Run
ok 741 - empty Multiverse has no automatic root, derived, or Nuwa Run
  ---
  duration_ms: 108.473709
  type: 'test'
  ...
# Subtest: root baseline is explicit and idempotent
ok 742 - root baseline is explicit and idempotent
  ---
  duration_ms: 90.963763
  type: 'test'
  ...
# Subtest: completed Nuwa path has a new independent identity and zero formal writes
ok 743 - completed Nuwa path has a new independent identity and zero formal writes
  ---
  duration_ms: 57.753905
  type: 'test'
  ...
# Subtest: derived creation fails without explicit root
ok 744 - derived creation fails without explicit root
  ---
  duration_ms: 35.272779
  type: 'test'
  ...
# Subtest: derived confirmation rejects mismatched name, source revision, or candidate
ok 745 - derived confirmation rejects mismatched name, source revision, or candidate
  ---
  duration_ms: 131.270885
  type: 'test'
  ...
# Subtest: one direct derived version pins root revision one and is idempotent
ok 746 - one direct derived version pins root revision one and is idempotent
  ---
  duration_ms: 163.986885
  type: 'test'
  ...
# Subtest: semantic compare exposes one changed Event and three non-writing owner dimensions
ok 747 - semantic compare exposes one changed Event and three non-writing owner dimensions
  ---
  duration_ms: 121.926971
  type: 'test'
  ...
# Subtest: missing reference and stale selection fail closed
ok 748 - missing reference and stale selection fail closed
  ---
  duration_ms: 167.783558
  type: 'test'
  ...
# Subtest: Candidate Review and Impact Review produce zero confirmed Event writes
ok 749 - Candidate Review and Impact Review produce zero confirmed Event writes
  ---
  duration_ms: 228.858993
  type: 'test'
  ...
# Subtest: reject keeps root at one and writes no Event
ok 750 - reject keeps root at one and writes no Event
  ---
  duration_ms: 126.335667
  type: 'test'
  ...
# Subtest: author confirmation writes one Event and appends only root revision two
ok 751 - author confirmation writes one Event and appends only root revision two
  ---
  duration_ms: 516.125344
  type: 'test'
  ...
# Subtest: duplicate confirmation returns the same Event and root revision
ok 752 - duplicate confirmation returns the same Event and root revision
  ---
  duration_ms: 370.7502
  type: 'test'
  ...
# Subtest: crash after Event apply recovers by appending only the missing WorkVersion revision
ok 753 - crash after Event apply recovers by appending only the missing WorkVersion revision
  ---
  duration_ms: 571.777773
  type: 'test'
  ...
# Subtest: restart recovers lineage, compare, receipts, and integrated Event
ok 754 - restart recovers lineage, compare, receipts, and integrated Event
  ---
  duration_ms: 304.189104
  type: 'test'
  ...
# Subtest: Fixture mutation rejects a real Project
ok 755 - Fixture mutation rejects a real Project
  ---
  duration_ms: 16.669506
  type: 'test'
  ...
# Subtest: ordinary project reaches one author-confirmed Event and a recoverable root-bound artifact without Fixture or Nuwa
ok 756 - ordinary project reaches one author-confirmed Event and a recoverable root-bound artifact without Fixture or Nuwa
  ---
  duration_ms: 887.740121
  type: 'test'
  ...
# Subtest: ordinary Event rejection records a candidate decision but writes no confirmed Event
ok 757 - ordinary Event rejection records a candidate decision but writes no confirmed Event
  ---
  duration_ms: 52.677318
  type: 'test'
  ...
# Subtest: isolated fixture recovers a ready bounded snapshot with zero Provider calls
ok 758 - isolated fixture recovers a ready bounded snapshot with zero Provider calls
  ---
  duration_ms: 85.012079
  type: 'test'
  ...
# Subtest: run controls persist rejection, branch correction, comparison, overlay, and replay
ok 759 - run controls persist rejection, branch correction, comparison, overlay, and replay
  ---
  duration_ms: 113.908609
  type: 'test'
  ...
# Subtest: Candidate and Impact Review remain non-writing until AuthorControl confirmation
ok 760 - Candidate and Impact Review remain non-writing until AuthorControl confirmation
  ---
  duration_ms: 247.972308
  type: 'test'
  ...
# Subtest: rejected Nuwa candidate creates zero formal writes
ok 761 - rejected Nuwa candidate creates zero formal writes
  ---
  duration_ms: 127.104746
  type: 'test'
  ...
# Subtest: duplicate confirmation writes one Fixture Event and recovers the same owners after restart
ok 762 - duplicate confirmation writes one Fixture Event and recovers the same owners after restart
  ---
  duration_ms: 627.972797
  type: 'test'
  ...
# Subtest: missing source and stale revision are fail-closed read projections
ok 763 - missing source and stale revision are fail-closed read projections
  ---
  duration_ms: 39.046838
  type: 'test'
  ...
# Subtest: fixture mutation rejects a non-isolated project
ok 764 - fixture mutation rejects a non-isolated project
  ---
  duration_ms: 28.006864
  type: 'test'
  ...
# Subtest: Nuwa N1 local API is explicit about provider availability and keeps a fake tool loop scoped, recoverable, and candidate-only
ok 765 - Nuwa N1 local API is explicit about provider availability and keeps a fake tool loop scoped, recoverable, and candidate-only
  ---
  duration_ms: 3223.622985
  type: 'test'
  ...
# Subtest: Nuwa N1 idempotent create reconciles a missing full-access authorization
ok 766 - Nuwa N1 idempotent create reconciles a missing full-access authorization
  ---
  duration_ms: 1041.91864
  type: 'test'
  ...
# Subtest: Nuwa N4 only gives a role world state and formal relation evidence it legally knows, without rewriting an existing Run
ok 767 - Nuwa N4 only gives a role world state and formal relation evidence it legally knows, without rewriting an existing Run
  ---
  duration_ms: 4515.174543
  type: 'test'
  ...
# Subtest: Nuwa N1 reaches a loopback HTTP/SSE host through Gateway and Pi for alternating actors
ok 768 - Nuwa N1 reaches a loopback HTTP/SSE host through Gateway and Pi for alternating actors
  ---
  duration_ms: 1029.211924
  type: 'test'
  ...
# Subtest: Nuwa N1 full access automatically applies one selected Run result through the existing formal Event chain
ok 769 - Nuwa N1 full access automatically applies one selected Run result through the existing formal Event chain
  ---
  duration_ms: 1731.121977
  type: 'test'
  ...
# Subtest: Nuwa N1 freezes a same-Run draft then recovers one durable automatic-batch rollback
ok 770 - Nuwa N1 freezes a same-Run draft then recovers one durable automatic-batch rollback
  ---
  duration_ms: 3157.992998
  type: 'test'
  ...
# Subtest: Nuwa N1 refuses automatic-batch rollback when a later author version exists
ok 771 - Nuwa N1 refuses automatic-batch rollback when a later author version exists
  ---
  duration_ms: 1587.291093
  type: 'test'
  ...
# Subtest: Nuwa N1 blocks a changed Story Unit before formal application writes
ok 772 - Nuwa N1 blocks a changed Story Unit before formal application writes
  ---
  duration_ms: 890.279186
  type: 'test'
  ...
# Subtest: Nuwa N1 resumes a persisted automatic application after relation confirmation fails
ok 773 - Nuwa N1 resumes a persisted automatic application after relation confirmation fails
  ---
  duration_ms: 1725.69865
  type: 'test'
  ...
# Subtest: Nuwa N1 respects an explicit no-relation scope even when one active type exists
ok 774 - Nuwa N1 respects an explicit no-relation scope even when one active type exists
  ---
  duration_ms: 1325.900342
  type: 'test'
  ...
# Subtest: Nuwa N1 rejects an expired high-permission scope before automatic application
ok 775 - Nuwa N1 rejects an expired high-permission scope before automatic application
  ---
  duration_ms: 889.38484
  type: 'test'
  ...
# Subtest: Nuwa N1 continuous endpoint advances on the server and applies the completed high-permission Run without browser step polling
ok 776 - Nuwa N1 continuous endpoint advances on the server and applies the completed high-permission Run without browser step polling
  ---
  duration_ms: 1548.926865
  type: 'test'
  ...
# Subtest: Nuwa N1 stop aborts an in-flight loopback stream without sending a follow-up tool result
ok 777 - Nuwa N1 stop aborts an in-flight loopback stream without sending a follow-up tool result
  ---
  duration_ms: 1012.020022
  type: 'test'
  ...
# Subtest: Nuwa N1 preserves an in-flight author cue for the next bounded step
ok 778 - Nuwa N1 preserves an in-flight author cue for the next bounded step
  ---
  duration_ms: 994.695589
  type: 'test'
  ...
# Subtest: Nuwa N1 continuous execution gives an in-flight cue a new durable step identity instead of replaying a zero-progress turn
ok 779 - Nuwa N1 continuous execution gives an in-flight cue a new durable step identity instead of replaying a zero-progress turn
  ---
  duration_ms: 1090.76691
  type: 'test'
  ...
# Subtest: Nuwa N1 records an explicit heard statement for only its stable-ID recipient and preserves it across pause, read, resume, and retry
ok 780 - Nuwa N1 records an explicit heard statement for only its stable-ID recipient and preserves it across pause, read, resume, and retry
  ---
  duration_ms: 1072.864895
  type: 'test'
  ...
# Subtest: Nuwa range selection freezes a primary-line scope and advances it inside one candidate Run
ok 781 - Nuwa range selection freezes a primary-line scope and advances it inside one candidate Run
  ---
  duration_ms: 917.778714
  type: 'test'
  ...
# Subtest: Nuwa N2C recalls A-to-B heard memory in a later scene after server restart while C remains unaware
ok 782 - Nuwa N2C recalls A-to-B heard memory in a later scene after server restart while C remains unaware
  ---
  duration_ms: 1701.446727
  type: 'test'
  ...
# Subtest: Nuwa N1 Pi adapter uses only the frozen role-context tool and returns a bounded turn
ok 783 - Nuwa N1 Pi adapter uses only the frozen role-context tool and returns a bounded turn
  ---
  duration_ms: 6.383693
  type: 'test'
  ...
# Subtest: Nuwa N1 Pi adapter rejects a model result that tries to exceed the role action allowlist
ok 784 - Nuwa N1 Pi adapter rejects a model result that tries to exceed the role action allowlist
  ---
  duration_ms: 0.744391
  type: 'test'
  ...
# Subtest: Nuwa N1 uses the real Pi tool loop for consecutive actor attempts without reusing Provider keys
ok 785 - Nuwa N1 uses the real Pi tool loop for consecutive actor attempts without reusing Provider keys
  ---
  duration_ms: 318.079585
  type: 'test'
  ...
# Subtest: Nuwa N1 Pi adapter rejects statement recipients outside the current Run
ok 786 - Nuwa N1 Pi adapter rejects statement recipients outside the current Run
  ---
  duration_ms: 0.509451
  type: 'test'
  ...
# Subtest: Nuwa N1 mounts a bounded author rehearsal surface at the real Nuwa workspace
ok 787 - Nuwa N1 mounts a bounded author rehearsal surface at the real Nuwa workspace
  ---
  duration_ms: 2.215018
  type: 'test'
  ...
# Subtest: MULTI-B1 lets an author bind a Nuwa Run to an explicit active IF version
ok 788 - MULTI-B1 lets an author bind a Nuwa Run to an explicit active IF version
  ---
  duration_ms: 10.336994
  type: 'test'
  ...
# Subtest: Nuwa N1 follow-up derives completion copy from returned state and revalidates durable authorization
ok 789 - Nuwa N1 follow-up derives completion copy from returned state and revalidates durable authorization
  ---
  duration_ms: 0.637551
  type: 'test'
  ...
# Subtest: Nuwa N1 discards operation completions after the active project scope changes
ok 790 - Nuwa N1 discards operation completions after the active project scope changes
  ---
  duration_ms: 0.250922
  type: 'test'
  ...
# Subtest: Nuwa N1 keeps a role handoff queued until the author starts a new run
ok 791 - Nuwa N1 keeps a role handoff queued until the author starts a new run
  ---
  duration_ms: 0.23939
  type: 'test'
  ...
# Subtest: Nuwa N2A exposes author-owned character basis and per-character scene goals without a second profile store
ok 792 - Nuwa N2A exposes author-owned character basis and per-character scene goals without a second profile store
  ---
  duration_ms: 3.818787
  type: 'test'
  ...
# Subtest: Nuwa N2B keeps attention permission-first, deterministic and visible at the actual tool boundary
ok 793 - Nuwa N2B keeps attention permission-first, deterministic and visible at the actual tool boundary
  ---
  duration_ms: 0.568336
  type: 'test'
  ...
# Subtest: Nuwa N2C shows cross-scene heard provenance without making the RunPack its permanent owner
ok 794 - Nuwa N2C shows cross-scene heard provenance without making the RunPack its permanent owner
  ---
  duration_ms: 0.658563
  type: 'test'
  ...
# Subtest: Nuwa N3A keeps author content primary while preserving exact permission and receipt boundaries
ok 795 - Nuwa N3A keeps author content primary while preserving exact permission and receipt boundaries
  ---
  duration_ms: 0.532405
  type: 'test'
  ...
# Subtest: Nuwa real API runner is an explicit zero-call gate by default
ok 796 - Nuwa real API runner is an explicit zero-call gate by default
  ---
  duration_ms: 84.110649
  type: 'test'
  ...
# Subtest: Nuwa real API runner persists a missing external condition without posting a Run
ok 797 - Nuwa real API runner persists a missing external condition without posting a Run
  ---
  duration_ms: 187.448134
  type: 'test'
  ...
# Subtest: Nuwa real API runner creates an isolated, author-confirmed knowledge fixture through host APIs
ok 798 - Nuwa real API runner creates an isolated, author-confirmed knowledge fixture through host APIs
  ---
  duration_ms: 194.614234
  type: 'test'
  ...
# Subtest: G1 pending entry counts only unresolved source items and keeps source batches traceable
ok 799 - G1 pending entry counts only unresolved source items and keeps source batches traceable
  ---
  duration_ms: 1.768101
  type: 'test'
  ...
# Subtest: G1 pending aggregation refuses cross-project or cross-version records before they reach the entry
ok 800 - G1 pending aggregation refuses cross-project or cross-version records before they reach the entry
  ---
  duration_ms: 0.272075
  type: 'test'
  ...
# Subtest: R2 E07 does not count the legacy Tianyi recognition projection beside its authoritative Story Intake batch
ok 801 - R2 E07 does not count the legacy Tianyi recognition projection beside its authoritative Story Intake batch
  ---
  duration_ms: 0.200694
  type: 'test'
  ...
# Subtest: R1-02 discovers the persisted current Story Intake envelope before a browser session hint and keeps its review identity
ok 802 - R1-02 discovers the persisted current Story Intake envelope before a browser session hint and keeps its review identity
  ---
  duration_ms: 0.289328
  type: 'test'
  ...
# Subtest: G1 keeps the directory as a compact entry and opens detailed review in the central workspace
ok 803 - G1 keeps the directory as a compact entry and opens detailed review in the central workspace
  ---
  duration_ms: 1.066363
  type: 'test'
  ...
# Subtest: R2 E07 lists every persisted Story Intake batch and makes each exact batch reachable
ok 804 - R2 E07 lists every persisted Story Intake batch and makes each exact batch reachable
  ---
  duration_ms: 3.138211
  type: 'test'
  ...
# Subtest: R3 makes loading, story-wide pending totals, and the selected batch range explicit
ok 805 - R3 makes loading, story-wide pending totals, and the selected batch range explicit
  ---
  duration_ms: 0.353574
  type: 'test'
  ...
# Subtest: persistent Provider Profile saves atomically, increments revision, and never stores a credential
ok 806 - persistent Provider Profile saves atomically, increments revision, and never stores a credential
  ---
  duration_ms: 11.881156
  type: 'test'
  ...
# Subtest: Provider display name cannot be persisted as modelId
ok 807 - Provider display name cannot be persisted as modelId
  ---
  duration_ms: 1.164717
  type: 'test'
  ...
# Subtest: Profile reload observes an external non-sensitive edit and rejects corrupt input without silent defaults
ok 808 - Profile reload observes an external non-sensitive edit and rejects corrupt input without silent defaults
  ---
  duration_ms: 1.2275
  type: 'test'
  ...
# Subtest: development credential fallback is separate, atomic, 0600, and never returned to the browser projection
ok 809 - development credential fallback is separate, atomic, 0600, and never returned to the browser projection
  ---
  duration_ms: 0.806524
  type: 'test'
  ...
# Subtest: an explicit disabled backend lets production review run without accepting Provider credentials
ok 810 - an explicit disabled backend lets production review run without accepting Provider credentials
  ---
  duration_ms: 1.47728
  type: 'test'
  ...
# Subtest: production file backend stores, reads, replaces, and clears a 0600 credential across restarts
ok 811 - production file backend stores, reads, replaces, and clears a 0600 credential across restarts
  ---
  duration_ms: 7.97153
  type: 'test'
  ...
# Subtest: production file backend refuses missing path config, loose file permissions, and loose directory permissions
ok 812 - production file backend refuses missing path config, loose file permissions, and loose directory permissions
  ---
  duration_ms: 0.962239
  type: 'test'
  ...
# Subtest: Keychain adapter does not pass the credential in argv
ok 813 - Keychain adapter does not pass the credential in argv
  ---
  duration_ms: 0.516244
  type: 'test'
  ...
# Subtest: default profile is non-secret and versioned
ok 814 - default profile is non-secret and versioned
  ---
  duration_ms: 1.221539
  type: 'test'
  ...
# Subtest: switching to AMD Radeon Cloud preserves SiliconFlow's non-secret profile and isolates credentials
ok 815 - switching to AMD Radeon Cloud preserves SiliconFlow's non-secret profile and isolates credentials
  ---
  duration_ms: 1.222781
  type: 'test'
  ...
# Subtest: profile keeps bounded non-sensitive model discovery and operation history in the same owner
ok 816 - profile keeps bounded non-sensitive model discovery and operation history in the same owner
  ---
  duration_ms: 1.171991
  type: 'test'
  ...
# Subtest: credential status does not read credential content
ok 817 - credential status does not read credential content
  ---
  duration_ms: 0.150857
  type: 'test'
  ...
# Subtest: server and browser transport expose only Tianyi-owned execution projections
ok 818 - server and browser transport expose only Tianyi-owned execution projections
  ---
  duration_ms: 6.997307
  type: 'test'
  ...
# Subtest: Pi package imports remain outside every browser source module
ok 819 - Pi package imports remain outside every browser source module
  ---
  duration_ms: 16.536895
  type: 'test'
  ...
# Subtest: prediction runtime implementation contains no ambient network, filesystem, shell, database, or formal writer tool
ok 820 - prediction runtime implementation contains no ambient network, filesystem, shell, database, or formal writer tool
  ---
  duration_ms: 0.411357
  type: 'test'
  ...
# Subtest: DIRECTORY_R4_ROOT exposes only high-level categories and counts
ok 821 - DIRECTORY_R4_ROOT exposes only high-level categories and counts
  ---
  duration_ms: 10.485786
  type: 'test'
  ...
# Subtest: DIRECTORY_R4 excludes planning projections and unaccepted candidates from Event identity
ok 822 - DIRECTORY_R4 excludes planning projections and unaccepted candidates from Event identity
  ---
  duration_ms: 0.816923
  type: 'test'
  ...
# Subtest: DIRECTORY_R4_UNIT keeps direct nodes and an optional collection point without duplicating Event identity
ok 823 - DIRECTORY_R4_UNIT keeps direct nodes and an optional collection point without duplicating Event identity
  ---
  duration_ms: 0.989452
  type: 'test'
  ...
# Subtest: DIRECTORY_R4_UNIT renders formal Story Unit membership before Canon enrichment completes
ok 824 - DIRECTORY_R4_UNIT renders formal Story Unit membership before Canon enrichment completes
  ---
  duration_ms: 0.736847
  type: 'test'
  ...
# Subtest: only actual projection owners fence World Library and Story Unit reads
ok 825 - only actual projection owners fence World Library and Story Unit reads
  ---
  duration_ms: 2.268143
  type: 'test'
  ...
# Subtest: Provider Settings and prediction Smoke resolve one authoritative default root
ok 826 - Provider Settings and prediction Smoke resolve one authoritative default root
  ---
  duration_ms: 1.625682
  type: 'test'
  ...
# Subtest: test roots remain isolated while Server and Smoke discover the same explicit root
ok 827 - test roots remain isolated while Server and Smoke discover the same explicit root
  ---
  duration_ms: 0.379816
  type: 'test'
  ...
# Subtest: development root overrides require an explicit isolation flag
ok 828 - development root overrides require an explicit isolation flag
  ---
  duration_ms: 0.467388
  type: 'test'
  ...
# Subtest: node:test descendants are isolated even when a server test forgets NODE_ENV
ok 829 - node:test descendants are isolated even when a server test forgets NODE_ENV
  ---
  duration_ms: 0.632091
  type: 'test'
  ...
# Subtest: tests reject the authoritative Provider root even when explicitly configured
ok 830 - tests reject the authoritative Provider root even when explicitly configured
  ---
  duration_ms: 0.307904
  type: 'test'
  ...
# Subtest: standard browser E2E pins Provider state to its owned fixture root
ok 831 - standard browser E2E pins Provider state to its owned fixture root
  ---
  duration_ms: 2.942216
  type: 'test'
  ...
# Subtest: preset suggestions never count as a fetched catalog
ok 832 - preset suggestions never count as a fetched catalog
  ---
  duration_ms: 3.805521
  type: 'test'
  ...
# Subtest: legacy static catalogs without a success timestamp migrate to unverified
ok 833 - legacy static catalogs without a success timestamp migrate to unverified
  ---
  duration_ms: 1.284843
  type: 'test'
  ...
# Subtest: catalog transition preserves last-known-good as stale after failure
ok 834 - catalog transition preserves last-known-good as stale after failure
  ---
  duration_ms: 0.422109
  type: 'test'
  ...
# Subtest: endpoint changes invalidate only the active Provider instance catalog
ok 835 - endpoint changes invalidate only the active Provider instance catalog
  ---
  duration_ms: 13.122813
  type: 'test'
  ...
# Subtest: unknown capability remains unknown and one model may receive multiple explicit capabilities
ok 836 - unknown capability remains unknown and one model may receive multiple explicit capabilities
  ---
  duration_ms: 1.201479
  type: 'test'
  ...
# Subtest: a Provider without a catalog endpoint enters the explicit manual flow
ok 837 - a Provider without a catalog endpoint enters the explicit manual flow
  ---
  duration_ms: 0.28001
  type: 'test'
  ...
# Subtest: historical incident is immutable and blocks a corrected rerun before dispatch
ok 838 - historical incident is immutable and blocks a corrected rerun before dispatch
  ---
  duration_ms: 2.90837
  type: 'test'
  ...
# Subtest: pre-dispatch reservations count malformed timeout and cancelled outcomes and survive restart
ok 839 - pre-dispatch reservations count malformed timeout and cancelled outcomes and survive restart
  ---
  duration_ms: 9.455183
  type: 'test'
  ...
# Subtest: idempotency reuses one reservation and concurrent dispatch attempts cannot cross the cap
ok 840 - idempotency reuses one reservation and concurrent dispatch attempts cannot cross the cap
  ---
  duration_ms: 2.57749
  type: 'test'
  ...
# Subtest: higher caps require an explicit persisted authorization receipt
ok 841 - higher caps require an explicit persisted authorization receipt
  ---
  duration_ms: 1.077336
  type: 'test'
  ...
# Subtest: whole-run batch reservation is atomic and each reserved dispatch can be claimed once
ok 842 - whole-run batch reservation is atomic and each reserved dispatch can be claimed once
  ---
  duration_ms: 1.048498
  type: 'test'
  ...
# Subtest: public origin is one exact HTTPS origin while local loopback remains compatible
ok 843 - public origin is one exact HTTPS origin while local loopback remains compatible
  ---
  duration_ms: 5.389761
  type: 'test'
  ...
# Subtest: temporary HTTP IP review access never emits a Secure cookie
ok 844 - temporary HTTP IP review access never emits a Secure cookie
  ---
  duration_ms: 3.03549
  type: 'test'
  ...
# Subtest: review access is disabled by default and rejects partial configuration
ok 845 - review access is disabled by default and rejects partial configuration
  ---
  duration_ms: 0.187207
  type: 'test'
  ...
# Subtest: review access reads a dedicated password file and never accepts a wrong cookie
ok 846 - review access reads a dedicated password file and never accepts a wrong cookie
  ---
  duration_ms: 0.49408
  type: 'test'
  ...
# Subtest: review login emits a Secure cookie for the HTTPS review origin and logout expires it
ok 847 - review login emits a Secure cookie for the HTTPS review origin and logout expires it
  ---
  duration_ms: 0.933302
  type: 'test'
  ...
# Subtest: review logout has an explicit confirmation page and stays inaccessible without a session
ok 848 - review logout has an explicit confirmation page and stays inaccessible without a session
  ---
  duration_ms: 0.494962
  type: 'test'
  ...
# Subtest: Provider settings preserve normal secret opacity while providing an explicit temporary management reveal
ok 849 - Provider settings preserve normal secret opacity while providing an explicit temporary management reveal
  ---
  duration_ms: 2.002031
  type: 'test'
  ...
# Subtest: Tianyi blocks unconfigured Providers before a request and opens Shell settings
ok 850 - Tianyi blocks unconfigured Providers before a request and opens Shell settings
  ---
  duration_ms: 1.289191
  type: 'test'
  ...
# Subtest: Settings expose the selected built-in Agent Runtime ABI without enabling external loading
ok 851 - Settings expose the selected built-in Agent Runtime ABI without enabling external loading
  ---
  duration_ms: 0.391809
  type: 'test'
  ...
# Subtest: Tool approval names its scope and supports an explicit author rejection
ok 852 - Tool approval names its scope and supports an explicit author rejection
  ---
  duration_ms: 1.41564
  type: 'test'
  ...
# Subtest: Visual acceptance targets the directory toggle by its stable owner, not a positional topbar selector
ok 853 - Visual acceptance targets the directory toggle by its stable owner, not a positional topbar selector
  ---
  duration_ms: 1.850964
  type: 'test'
  ...
# Subtest: Standard browser verification waits for the product-owned Shell readiness signal
ok 854 - Standard browser verification waits for the product-owned Shell readiness signal
  ---
  duration_ms: 3.32107
  type: 'test'
  ...
# Subtest: Shell readiness follows storage access instead of waiting on optional model and permission projections
ok 855 - Shell readiness follows storage access instead of waiting on optional model and permission projections
  ---
  duration_ms: 0.439162
  type: 'test'
  ...
# Subtest: CLASSIFIED_SHELL_PRESENT_WITH_NO_OPEN_WORK
ok 856 - CLASSIFIED_SHELL_PRESENT_WITH_NO_OPEN_WORK
  ---
  duration_ms: 1.768953
  type: 'test'
  ...
# Subtest: CLASSIFIED_ROOT delegates hierarchy to the directory tree while global search owns cross-layer search
ok 857 - CLASSIFIED_ROOT delegates hierarchy to the directory tree while global search owns cross-layer search
  ---
  duration_ms: 0.340829
  type: 'test'
  ...
# Subtest: CLASSIFIED_SHELL_PRESENT_WITH_ZERO_ITEMS
ok 858 - CLASSIFIED_SHELL_PRESENT_WITH_ZERO_ITEMS
  ---
  duration_ms: 0.34122
  type: 'test'
  ...
# Subtest: PENDING_ZERO_STATE_STABLE
ok 859 - PENDING_ZERO_STATE_STABLE
  ---
  duration_ms: 0.273697
  type: 'test'
  ...
# Subtest: RESPONSIVE_HEADER_922 keeps context, named panels, and overflow access
ok 860 - RESPONSIVE_HEADER_922 keeps context, named panels, and overflow access
  ---
  duration_ms: 1.0032
  type: 'test'
  ...
# Subtest: AMD Radeon Cloud adapter uses the documented OpenAI-compatible chat endpoint without leaking its credential
ok 861 - AMD Radeon Cloud adapter uses the documented OpenAI-compatible chat endpoint without leaking its credential
  ---
  duration_ms: 25.302384
  type: 'test'
  ...
# Subtest: AMD Radeon Cloud adapter rejects an empty credential without an upstream call
ok 862 - AMD Radeon Cloud adapter rejects an empty credential without an upstream call
  ---
  duration_ms: 0.683082
  type: 'test'
  ...
# Subtest: a relation form retry keeps operation identities and the already-created relation type
ok 863 - a relation form retry keeps operation identities and the already-created relation type
  ---
  duration_ms: 2.351867
  type: 'test'
  ...
# Subtest: changing relation meaning starts a new operation while author declaration ignores a stale event selection
ok 864 - changing relation meaning starts a new operation while author declaration ignores a stale event selection
  ---
  duration_ms: 0.288937
  type: 'test'
  ...
# Subtest: N3 relation comparison reports added, ended and maintained from world-valid time
ok 865 - N3 relation comparison reports added, ended and maintained from world-valid time
  ---
  duration_ms: 9.15292
  type: 'test'
  ...
# Subtest: N3 relation comparison follows correction lineage and keeps unknown time separate
ok 866 - N3 relation comparison follows correction lineage and keeps unknown time separate
  ---
  duration_ms: 0.424053
  type: 'test'
  ...
# Subtest: N3 relation comparison surfaces overlapping correction records as conflict
ok 867 - N3 relation comparison surfaces overlapping correction records as conflict
  ---
  duration_ms: 0.266944
  type: 'test'
  ...
# Subtest: N3 relation comparison ignores record timestamps and retains archived world-time evidence
ok 868 - N3 relation comparison ignores record timestamps and retains archived world-time evidence
  ---
  duration_ms: 3.99332
  type: 'test'
  ...
# Subtest: shared historical relation reader includes an archived relation and validTo boundary without string ordering
ok 869 - shared historical relation reader includes an archived relation and validTo boundary without string ordering
  ---
  duration_ms: 0.166066
  type: 'test'
  ...
# Subtest: N3 relationship workspace exposes the Owner-backed dual-world-time author flow
ok 870 - N3 relationship workspace exposes the Owner-backed dual-world-time author flow
  ---
  duration_ms: 0.506354
  type: 'test'
  ...
# Subtest: B1 Relation Owner forks one relation identity into an IF slice without parent drift or cross-version replay
ok 871 - B1 Relation Owner forks one relation identity into an IF slice without parent drift or cross-version replay
  ---
  duration_ms: 329.446901
  type: 'test'
  ...
# Subtest: full receipt chain survives restart, replays without Provider or budget, and exports only safe metadata
ok 872 - full receipt chain survives restart, replays without Provider or budget, and exports only safe metadata
  ---
  duration_ms: 7.980868
  type: 'test'
  ...
# Subtest: malformed strict projection, timeout, cancellation, and unknown tool failure remain durable
ok 873 - malformed strict projection, timeout, cancellation, and unknown tool failure remain durable
  ---
  duration_ms: 5.041438
  type: 'test'
  ...
# Subtest: idempotency conflicts, integrity mismatch, missing owner references, and private payloads fail closed
ok 874 - idempotency conflicts, integrity mismatch, missing owner references, and private payloads fail closed
  ---
  duration_ms: 7.379818
  type: 'test'
  ...
# Subtest: legacy v0 envelopes project read-only and are never silently rewritten
ok 875 - legacy v0 envelopes project read-only and are never silently rewritten
  ---
  duration_ms: 0.45332
  type: 'test'
  ...
# Subtest: gateway persists budget, envelope and dispatch before local fake transport, then freezes response
ok 876 - gateway persists budget, envelope and dispatch before local fake transport, then freezes response
  ---
  duration_ms: 8.178857
  type: 'test'
  ...
# Subtest: a completed lifecycle callback failure cannot rewrite a successful streamed response
ok 877 - a completed lifecycle callback failure cannot rewrite a successful streamed response
  ---
  duration_ms: 3.934514
  type: 'test'
  ...
# Subtest: Gateway rejection is reserved evidence, not an N1 model send
ok 878 - Gateway rejection is reserved evidence, not an N1 model send
  ---
  duration_ms: 1.336534
  type: 'test'
  ...
# Subtest: historical 3/6/9 Provider incident remains immutable and unrelated to local replay fixtures
ok 879 - historical 3/6/9 Provider incident remains immutable and unrelated to local replay fixtures
  ---
  duration_ms: 0.52447
  type: 'test'
  ...
# Subtest: recipe draft validates dependency, I/O, and permission union without execution
ok 880 - recipe draft validates dependency, I/O, and permission union without execution
  ---
  duration_ms: 1.700719
  type: 'test'
  ...
# Subtest: recipe draft rejects missing dependencies, cycles, and incompatible I/O
ok 881 - recipe draft rejects missing dependencies, cycles, and incompatible I/O
  ---
  duration_ms: 0.419804
  type: 'test'
  ...
# Subtest: recipe operations are structural drafts and never expose an execution method
ok 882 - recipe operations are structural drafts and never expose an execution method
  ---
  duration_ms: 0.447028
  type: 'test'
  ...
# Subtest: an explicit Story Intake scope reaches existing Owners, persists its receipt, and undoes after restart
ok 883 - an explicit Story Intake scope reaches existing Owners, persists its receipt, and undoes after restart
  ---
  duration_ms: 6960.743396
  type: 'test'
  ...
# Subtest: Agent proposal creation rejects a canonical object id already declared at another path
ok 884 - Agent proposal creation rejects a canonical object id already declared at another path
  ---
  duration_ms: 12.991686
  type: 'test'
  ...
# Subtest: an omitted or missing relation candidate endpoint can bind one existing project object, persist the exact scope, and undo that exact Relation Owner record
ok 885 - an omitted or missing relation candidate endpoint can bind one existing project object, persist the exact scope, and undo that exact Relation Owner record
  ---
  duration_ms: 862.526771
  type: 'test'
  ...
# Subtest: a visible real Envelope candidate enters Work by reference without changing lifecycle or creating a second candidate
ok 886 - a visible real Envelope candidate enters Work by reference without changing lifecycle or creating a second candidate
  ---
  duration_ms: 4.40084
  type: 'test'
  ...
# Subtest: the active reference survives refresh and remains isolated to project, session, run, and base version
ok 887 - the active reference survives refresh and remains isolated to project, session, run, and base version
  ---
  duration_ms: 0.7485
  type: 'test'
  ...
# Subtest: active candidate recovery keys are isolated between old and new conversations in one project
ok 888 - active candidate recovery keys are isolated between old and new conversations in one project
  ---
  duration_ms: 0.308947
  type: 'test'
  ...
# Subtest: an explicit batch scope contains only selected candidates and preserves their order and lifecycle
ok 889 - an explicit batch scope contains only selected candidates and preserves their order and lifecycle
  ---
  duration_ms: 0.457698
  type: 'test'
  ...
# Subtest: a new Envelope drops stale selection ids before rendering or entering Work
ok 890 - a new Envelope drops stale selection ids before rendering or entering Work
  ---
  duration_ms: 0.251834
  type: 'test'
  ...
# Subtest: real StoryIntakeEnvelope candidates, not only the legacy fixture, can enter Review and Work
ok 891 - real StoryIntakeEnvelope candidates, not only the legacy fixture, can enter Review and Work
  ---
  duration_ms: 1.037758
  type: 'test'
  ...
# Subtest: entering Work does not hand a real Envelope candidate to the legacy creative candidate repository
ok 892 - entering Work does not hand a real Envelope candidate to the legacy creative candidate repository
  ---
  duration_ms: 0.214982
  type: 'test'
  ...
# Subtest: project changes clear transient Envelope state before project-scoped recovery
ok 893 - project changes clear transient Envelope state before project-scoped recovery
  ---
  duration_ms: 0.126458
  type: 'test'
  ...
# Subtest: Work uses a controlled narrative position and functional candidate-only exploration
ok 894 - Work uses a controlled narrative position and functional candidate-only exploration
  ---
  duration_ms: 0.320098
  type: 'test'
  ...
# Subtest: Work numbers only Event or scene candidates and keeps objects, units, paths, and unknowns in typed change groups
ok 895 - Work numbers only Event or scene candidates and keeps objects, units, paths, and unknowns in typed change groups
  ---
  duration_ms: 0.165265
  type: 'test'
  ...
# Subtest: the main Work surface can continue the same TianyiConversation without turning every message into Story Intake
ok 896 - the main Work surface can continue the same TianyiConversation without turning every message into Story Intake
  ---
  duration_ms: 0.21362
  type: 'test'
  ...
# Subtest: R2 keeps one task frame across Creative, Review and Work while preserving per-lane reading positions
ok 897 - R2 keeps one task frame across Creative, Review and Work while preserving per-lane reading positions
  ---
  duration_ms: 0.238058
  type: 'test'
  ...
# Subtest: R2 exact pending targets recover their requested candidate from the same persisted Envelope
ok 898 - R2 exact pending targets recover their requested candidate from the same persisted Envelope
  ---
  duration_ms: 0.158641
  type: 'test'
  ...
# Subtest: R4 lets Work remain available without a transient candidate while preserving Envelope scope recovery
ok 899 - R4 lets Work remain available without a transient candidate while preserving Envelope scope recovery
  ---
  duration_ms: 0.330379
  type: 'test'
  ...
# Subtest: relation dependencies expose candidate inclusion, existing-object binding, locate, and exclusion recovery actions before the scope is recalculated
ok 900 - relation dependencies expose candidate inclusion, existing-object binding, locate, and exclusion recovery actions before the scope is recalculated
  ---
  duration_ms: 0.357312
  type: 'test'
  ...
# Subtest: 1195-class layouts turn the directory into an overlay without erasing author intent at the breakpoint
ok 901 - 1195-class layouts turn the directory into an overlay without erasing author intent at the breakpoint
  ---
  duration_ms: 0.170455
  type: 'test'
  ...
# Subtest: local fake execution is never labelled as a real Pi success
ok 902 - local fake execution is never labelled as a real Pi success
  ---
  duration_ms: 0.120466
  type: 'test'
  ...
# Subtest: normal entry and Review deep links discover the current persisted Envelope without creating another session
ok 903 - normal entry and Review deep links discover the current persisted Envelope without creating another session
  ---
  duration_ms: 0.243388
  type: 'test'
  ...
# Subtest: local fake is disclosed before send, while production without a Provider stops instead of fabricating a reply
ok 904 - local fake is disclosed before send, while production without a Provider stops instead of fabricating a reply
  ---
  duration_ms: 0.112591
  type: 'test'
  ...
# Subtest: server-only StoryModeling adapter chunks full-book sources and uses strict aiProviderGateway JSON calls
ok 905 - server-only StoryModeling adapter chunks full-book sources and uses strict aiProviderGateway JSON calls
  ---
  duration_ms: 2.084954
  type: 'test'
  ...
# Subtest: unconfigured StoryModeling adapter fails before transport and never fabricates fixture output
ok 906 - unconfigured StoryModeling adapter fails before transport and never fabricates fixture output
  ---
  duration_ms: 0.395928
  type: 'test'
  ...
# Subtest: insufficient whole-run budget blocks every Provider dispatch
ok 907 - insufficient whole-run budget blocks every Provider dispatch
  ---
  duration_ms: 0.316601
  type: 'test'
  ...
# Subtest: perspective dispatch contains the exact 2–5 formal Owner references selected by the author
ok 908 - perspective dispatch contains the exact 2–5 formal Owner references selected by the author
  ---
  duration_ms: 1.836856
  type: 'test'
  ...
# Subtest: fifteen batches are persisted into one deterministic result without a 512-token global merge
ok 909 - fifteen batches are persisted into one deterministic result without a 512-token global merge
  ---
  duration_ms: 1.880883
  type: 'test'
  ...
# Subtest: legacy Story Product Prototype is absent from the product tree
ok 910 - legacy Story Product Prototype is absent from the product tree
  ---
  duration_ms: 0.754451
  type: 'test'
  ...
# Subtest: Story Studio never imports archived prototype UI implementation
ok 911 - Story Studio never imports archived prototype UI implementation
  ---
  duration_ms: 19.003098
  type: 'test'
  ...
# Subtest: Story Studio local transport translates empty proxy failures into a product error
ok 912 - Story Studio local transport translates empty proxy failures into a product error
  ---
  duration_ms: 0.981647
  type: 'test'
  ...
# Subtest: all Tianyi-Nuwa bridge routes share token, same-origin, bounded JSON, and exact body keys
ok 913 - all Tianyi-Nuwa bridge routes share token, same-origin, bounded JSON, and exact body keys
  ---
  duration_ms: 5.136074
  type: 'test'
  ...
# Subtest: Story Studio client stays browser-only and outside legacy execution systems
ok 914 - Story Studio client stays browser-only and outside legacy execution systems
  ---
  duration_ms: 37.245151
  type: 'test'
  ...
# Subtest: Story Studio server delegates product operations without duplicating workspace semantics
ok 915 - Story Studio server delegates product operations without duplicating workspace semantics
  ---
  duration_ms: 1.592767
  type: 'test'
  ...
# Subtest: Story Studio development command starts both the local server and Vite
ok 916 - Story Studio development command starts both the local server and Vite
  ---
  duration_ms: 0.288156
  type: 'test'
  ...
# Subtest: Story Studio local transport enforces token root and product-safe responses
ok 917 - Story Studio local transport enforces token root and product-safe responses
  ---
  duration_ms: 641.688966
  type: 'test'
  ...
# Subtest: Relation local transport is typed, token-protected, revision-guarded, and author-receipt-backed
ok 918 - Relation local transport is typed, token-protected, revision-guarded, and author-receipt-backed
  ---
  duration_ms: 908.892498
  type: 'test'
  ...
# Subtest: Relation transport surface is present without adding a browser-side JSON writer
ok 919 - Relation transport surface is present without adding a browser-side JSON writer
  ---
  duration_ms: 1.124478
  type: 'test'
  ...
# Subtest: Story Studio runtime modes default safely and reject ambiguous static hosting
ok 920 - Story Studio runtime modes default safely and reject ambiguous static hosting
  ---
  duration_ms: 1.723764
  type: 'test'
  ...
# Subtest: development and production commands explicitly select one Story Studio entry contract
ok 921 - development and production commands explicitly select one Story Studio entry contract
  ---
  duration_ms: 1.329881
  type: 'test'
  ...
# Subtest: Story Studio visual workbench transport persists documents and serves local map assets
ok 922 - Story Studio visual workbench transport persists documents and serves local map assets
  ---
  duration_ms: 1524.6169
  type: 'test'
  ...
# Subtest: Story Studio world-object transport is token protected and product safe
ok 923 - Story Studio world-object transport is token protected and product safe
  ---
  duration_ms: 754.084203
  type: 'test'
  ...
# Subtest: Story Studio server surfaces Canon authority list and detail failures
ok 924 - Story Studio server surfaces Canon authority list and detail failures
  ---
  duration_ms: 720.322822
  type: 'test'
  ...
# Subtest: the contextual registry covers eight spaces without becoming a semantic owner
ok 925 - the contextual registry covers eight spaces without becoming a semantic owner
  ---
  duration_ms: 1.357816
  type: 'test'
  ...
# Subtest: event graph R1 keeps global and focus in one projection component
ok 926 - event graph R1 keeps global and focus in one projection component
  ---
  duration_ms: 2.454469
  type: 'test'
  ...
# Subtest: event line distinguishes loading, missing project, and recoverable connection failure
ok 927 - event line distinguishes loading, missing project, and recoverable connection failure
  ---
  duration_ms: 0.261884
  type: 'test'
  ...
# Subtest: event graph R1 distinguishes formal, pending, and remote relationship projections
ok 928 - event graph R1 distinguishes formal, pending, and remote relationship projections
  ---
  duration_ms: 0.225874
  type: 'test'
  ...
# Subtest: event graph R1 only calls existing Relation owner operations
ok 929 - event graph R1 only calls existing Relation owner operations
  ---
  duration_ms: 0.876481
  type: 'test'
  ...
# Subtest: event graph R1 uses one contextual inspector rather than the spine page dock
ok 930 - event graph R1 uses one contextual inspector rather than the spine page dock
  ---
  duration_ms: 0.403913
  type: 'test'
  ...
# Subtest: event graph R2 keeps the canvas primary and translates implementation terms
ok 931 - event graph R2 keeps the canvas primary and translates implementation terms
  ---
  duration_ms: 1.055271
  type: 'test'
  ...
# Subtest: multi-node productization keeps Unit, active path, overlay, and Tianyi contracts aligned
ok 932 - multi-node productization keeps Unit, active path, overlay, and Tianyi contracts aligned
  ---
  duration_ms: 1.07975
  type: 'test'
  ...
# Subtest: candidate overlay renders the validated path edge set with automatic routing and shared roots
ok 933 - candidate overlay renders the validated path edge set with automatic routing and shared roots
  ---
  duration_ms: 0.414174
  type: 'test'
  ...
# Subtest: adopted prediction edges remain pending until Relation owner review
ok 934 - adopted prediction edges remain pending until Relation owner review
  ---
  duration_ms: 0.355488
  type: 'test'
  ...
# Subtest: story spine keeps direct Unit nodes separate from optional collection points
ok 935 - story spine keeps direct Unit nodes separate from optional collection points
  ---
  duration_ms: 0.393082
  type: 'test'
  ...
# Subtest: prediction stages temporarily yield the Unit directory and restore it outside the flow
ok 936 - prediction stages temporarily yield the Unit directory and restore it outside the flow
  ---
  duration_ms: 0.709412
  type: 'test'
  ...
# Subtest: candidate comparison preserves unique shared nodes, readable width, and three path lanes
ok 937 - candidate comparison preserves unique shared nodes, readable width, and three path lanes
  ---
  duration_ms: 0.466656
  type: 'test'
  ...
# Subtest: story spine uses compact author copy without repeated missing-summary prose
ok 938 - story spine uses compact author copy without repeated missing-summary prose
  ---
  duration_ms: 0.352502
  type: 'test'
  ...
# Subtest: technical receipts stay author-invoked and close on Run, path, stage, or execution changes
ok 939 - technical receipts stay author-invoked and close on Run, path, stage, or execution changes
  ---
  duration_ms: 0.190694
  type: 'test'
  ...
# Subtest: Founder readability floors are exercised in the browser contract
ok 940 - Founder readability floors are exercised in the browser contract
  ---
  duration_ms: 0.469903
  type: 'test'
  ...
# Subtest: Event families differ by structure and semantics rather than color alone
ok 941 - Event families differ by structure and semantics rather than color alone
  ---
  duration_ms: 1.122935
  type: 'test'
  ...
# Subtest: story spine renders author-facing branch and merge topology without machine ids
ok 942 - story spine renders author-facing branch and merge topology without machine ids
  ---
  duration_ms: 0.25482
  type: 'test'
  ...
# Subtest: Event fixture keeps the Data projection coherent and author-facing
ok 943 - Event fixture keeps the Data projection coherent and author-facing
  ---
  duration_ms: 1.490486
  type: 'test'
  ...
# Subtest: Event detail copy keeps source diagnostics behind a technical disclosure
ok 944 - Event detail copy keeps source diagnostics behind a technical disclosure
  ---
  duration_ms: 0.828767
  type: 'test'
  ...
# Subtest: R8 propagates canvas selection and formal perspective refs into distinct StoryModeling requests
ok 945 - R8 propagates canvas selection and formal perspective refs into distinct StoryModeling requests
  ---
  duration_ms: 1.036124
  type: 'test'
  ...
# Subtest: R8 smart Relation review starts unselected and blocks unknown types
ok 946 - R8 smart Relation review starts unselected and blocks unknown types
  ---
  duration_ms: 0.190585
  type: 'test'
  ...
# Subtest: R8 exposes draft trash through the existing catalog path while formal Event hard delete stays absent
ok 947 - R8 exposes draft trash through the existing catalog path while formal Event hard delete stays absent
  ---
  duration_ms: 0.29024
  type: 'test'
  ...
# Subtest: R7 keeps canvas selection separate from the Tianyi prediction scope
ok 948 - R7 keeps canvas selection separate from the Tianyi prediction scope
  ---
  duration_ms: 0.834068
  type: 'test'
  ...
# Subtest: R7 provides mouse, keyboard and context menu canvas grammar
ok 949 - R7 provides mouse, keyboard and context menu canvas grammar
  ---
  duration_ms: 0.344126
  type: 'test'
  ...
# Subtest: R7 exposes local logic checks and the current perspective lens
ok 950 - R7 exposes local logic checks and the current perspective lens
  ---
  duration_ms: 0.296652
  type: 'test'
  ...
# Subtest: R7 uses one collapsed AI tools entry by default
ok 951 - R7 uses one collapsed AI tools entry by default
  ---
  duration_ms: 0.776805
  type: 'test'
  ...
# Subtest: R10 single Owner keeps blind spots behind a default-off control and preserves prose boundary
ok 952 - R10 single Owner keeps blind spots behind a default-off control and preserves prose boundary
  ---
  duration_ms: 0.95247
  type: 'test'
  ...
# Subtest: R10 temporal canvas reads composition branchTrack and separates conflict notice from nodes
ok 953 - R10 temporal canvas reads composition branchTrack and separates conflict notice from nodes
  ---
  duration_ms: 0.208179
  type: 'test'
  ...
# Subtest: R10 narrative canvas exposes branch navigation and uses an in-product Collection Point dialog
ok 954 - R10 narrative canvas exposes branch navigation and uses an in-product Collection Point dialog
  ---
  duration_ms: 0.291713
  type: 'test'
  ...
# Subtest: R9 exposes Collection Point creation through selection and keyboard context menus
ok 955 - R9 exposes Collection Point creation through selection and keyboard context menus
  ---
  duration_ms: 0.861561
  type: 'test'
  ...
# Subtest: R9 routes Collection Point mutations through the Story Workspace owner
ok 956 - R9 routes Collection Point mutations through the Story Workspace owner
  ---
  duration_ms: 0.251985
  type: 'test'
  ...
# Subtest: R9 collapsed Collection Point edges stay explicit visual projections
ok 957 - R9 collapsed Collection Point edges stay explicit visual projections
  ---
  duration_ms: 0.185334
  type: 'test'
  ...
# Subtest: event workspace separates layout coordinate from observation lens while retaining local selection
ok 958 - event workspace separates layout coordinate from observation lens while retaining local selection
  ---
  duration_ms: 1.261577
  type: 'test'
  ...
# Subtest: timeline owns an independent projection while preserving formal Event ids
ok 959 - timeline owns an independent projection while preserving formal Event ids
  ---
  duration_ms: 0.590149
  type: 'test'
  ...
# Subtest: graph leaves dimension switching to the named workspace navigation
ok 960 - graph leaves dimension switching to the named workspace navigation
  ---
  duration_ms: 0.223659
  type: 'test'
  ...
# Subtest: one five-state right work surface arbitrates page inspectors, creation, review, and Tianyi
ok 961 - one five-state right work surface arbitrates page inspectors, creation, review, and Tianyi
  ---
  duration_ms: 1.708254
  type: 'test'
  ...
# Subtest: closing Tianyi retains one conversation plus isolated Work and Page Agent drafts outside the visual drawer
ok 962 - closing Tianyi retains one conversation plus isolated Work and Page Agent drafts outside the visual drawer
  ---
  duration_ms: 0.350097
  type: 'test'
  ...
# Subtest: R4 supersedes R3 dismissal with temporary suppression while preserving author intent
ok 963 - R4 supersedes R3 dismissal with temporary suppression while preserving author intent
  ---
  duration_ms: 1.623307
  type: 'test'
  ...
# Subtest: R4-R2 keeps Tianyi's compact three-group task frame stable at medium desktop widths
ok 964 - R4-R2 keeps Tianyi's compact three-group task frame stable at medium desktop widths
  ---
  duration_ms: 0.585549
  type: 'test'
  ...
# Subtest: R3 keeps the narrative minimap out of the reading focus surface
ok 965 - R3 keeps the narrative minimap out of the reading focus surface
  ---
  duration_ms: 1.750888
  type: 'test'
  ...
# Subtest: R0.3 conversation and Page Agent Run recovery stay project- and session-scoped
ok 966 - R0.3 conversation and Page Agent Run recovery stay project- and session-scoped
  ---
  duration_ms: 2.838502
  type: 'test'
  ...
# Subtest: R0.3 author submission gate prevents duplicate session or run dispatch before UI state updates
ok 967 - R0.3 author submission gate prevents duplicate session or run dispatch before UI state updates
  ---
  duration_ms: 0.330719
  type: 'test'
  ...
# Subtest: R0.3 maps only broker-backed permission intents and preserves author-confirmation steps
ok 968 - R0.3 maps only broker-backed permission intents and preserves author-confirmation steps
  ---
  duration_ms: 0.720184
  type: 'test'
  ...
# Subtest: R4 browser recovery cannot replace a terminal cancelled projection with an older stream snapshot
ok 969 - R4 browser recovery cannot replace a terminal cancelled projection with an older stream snapshot
  ---
  duration_ms: 0.327733
  type: 'test'
  ...
# Subtest: R0.3 permission intent reaches the existing broker without a Provider call
ok 970 - R0.3 permission intent reaches the existing broker without a Provider call
  ---
  duration_ms: 3.052232
  type: 'test'
  ...
# Subtest: Nuwa full access is a server-created, target-bound scope rather than a forged author confirmation
ok 971 - Nuwa full access is a server-created, target-bound scope rather than a forged author confirmation
  ---
  duration_ms: 4.682222
  type: 'test'
  ...
# Subtest: R0.6 global search uses one engine for route, object, source, and navigation-command results
ok 972 - R0.6 global search uses one engine for route, object, source, and navigation-command results
  ---
  duration_ms: 2.461974
  type: 'test'
  ...
# Subtest: R0.6 scopes restrict existing projections without creating a second index
ok 973 - R0.6 scopes restrict existing projections without creating a second index
  ---
  duration_ms: 0.455415
  type: 'test'
  ...
# Subtest: R0.6 rejects cross-project or cross-version read models
ok 974 - R0.6 rejects cross-project or cross-version read models
  ---
  duration_ms: 0.509521
  type: 'test'
  ...
# Subtest: R0.6 keyboard controller wraps options and creates stable active-descendant ids
ok 975 - R0.6 keyboard controller wraps options and creates stable active-descendant ids
  ---
  duration_ms: 0.268017
  type: 'test'
  ...
# Subtest: settings always uses the Shell workspace, including direct settings URLs
ok 976 - settings always uses the Shell workspace, including direct settings URLs
  ---
  duration_ms: 1.602105
  type: 'test'
  ...
# Subtest: personal center uses the same Shell workspace pattern without faking account mutations
ok 977 - personal center uses the same Shell workspace pattern without faking account mutations
  ---
  duration_ms: 0.4839
  type: 'test'
  ...
# Subtest: Pi artifact wiring uses the Workspace-owned policy and checks WorkVersion before the formal owner
ok 978 - Pi artifact wiring uses the Workspace-owned policy and checks WorkVersion before the formal owner
  ---
  duration_ms: 3.337954
  type: 'test'
  ...
# Subtest: one pending projection edits Agent proposals and formal owner completes before final candidate decision
ok 979 - one pending projection edits Agent proposals and formal owner completes before final candidate decision
  ---
  duration_ms: 1.897856
  type: 'test'
  ...
# Subtest: topbar has one search and one directory switch without deleting the other global controls
ok 980 - topbar has one search and one directory switch without deleting the other global controls
  ---
  duration_ms: 0.349065
  type: 'test'
  ...
# Subtest: portable layout includes durable continuity but excludes cache, locks, runs and secrets
ok 981 - portable layout includes durable continuity but excludes cache, locks, runs and secrets
  ---
  duration_ms: 0.184051
  type: 'test'
  ...
# Subtest: R12 exposes one EventLine task workspace and renders order only from NarrativeArrangement Placement
ok 982 - R12 exposes one EventLine task workspace and renders order only from NarrativeArrangement Placement
  ---
  duration_ms: 1.602676
  type: 'test'
  ...
# Subtest: R12 placement controls reuse the Story Unit writer transport with explicit concurrency receipts
ok 983 - R12 placement controls reuse the Story Unit writer transport with explicit concurrency receipts
  ---
  duration_ms: 0.322383
  type: 'test'
  ...
# Subtest: R11.1 composes layout, lens, focus, render mode, scale and source layer without adding an Event owner
ok 984 - R11.1 composes layout, lens, focus, render mode, scale and source layer without adding an Event owner
  ---
  duration_ms: 0.270611
  type: 'test'
  ...
# Subtest: R11.1 participation renderers reuse selected Event identity and existing details
ok 985 - R11.1 participation renderers reuse selected Event identity and existing details
  ---
  duration_ms: 0.188711
  type: 'test'
  ...
# Subtest: R11 reserves psychology for formal characters and makes unsupported relation evolution explicit
ok 986 - R11 reserves psychology for formal characters and makes unsupported relation evolution explicit
  ---
  duration_ms: 1.423214
  type: 'test'
  ...
# Subtest: R11.1 view persistence is project scoped, validated and backward compatible
ok 987 - R11.1 view persistence is project scoped, validated and backward compatible
  ---
  duration_ms: 0.288036
  type: 'test'
  ...
# Subtest: R4 separates persistent directory intent from temporary presentation suppression
ok 988 - R4 separates persistent directory intent from temporary presentation suppression
  ---
  duration_ms: 1.755637
  type: 'test'
  ...
# Subtest: R4 review follow-up keeps directory ownership and async project fences in their responsible surfaces
ok 989 - R4 review follow-up keeps directory ownership and async project fences in their responsible surfaces
  ---
  duration_ms: 1.284803
  type: 'test'
  ...
# Subtest: R4 persists per-project directory path, selection, and scroll without a duplicate local search state
ok 990 - R4 persists per-project directory path, selection, and scroll without a duplicate local search state
  ---
  duration_ms: 1.610051
  type: 'test'
  ...
# Subtest: R4 role handoff uses a stable SubjectRef and blocks author Agent ContextPack reuse
ok 991 - R4 role handoff uses a stable SubjectRef and blocks author Agent ContextPack reuse
  ---
  duration_ms: 0.913173
  type: 'test'
  ...
# Subtest: R4 exposes zero-model character drag from the actual dedicated character directory
ok 992 - R4 exposes zero-model character drag from the actual dedicated character directory
  ---
  duration_ms: 0.264449
  type: 'test'
  ...
# Subtest: R4 keeps one compact event header and exposes the 1-5 person author comparison
ok 993 - R4 keeps one compact event header and exposes the 1-5 person author comparison
  ---
  duration_ms: 0.753008
  type: 'test'
  ...
# Subtest: R4 closeout keeps the Event Line primary actions visible and moves secondary tools into an accessible More menu
ok 994 - R4 closeout keeps the Event Line primary actions visible and moves secondary tools into an accessible More menu
  ---
  duration_ms: 1.713073
  type: 'test'
  ...
# Subtest: R4 advanced perspective receives stable Owner evidence rather than display labels
ok 995 - R4 advanced perspective receives stable Owner evidence rather than display labels
  ---
  duration_ms: 0.612102
  type: 'test'
  ...
# Subtest: R4-R1 makes Work a durable global lane and moves Story Intake review into the unified inbox
ok 996 - R4-R1 makes Work a durable global lane and moves Story Intake review into the unified inbox
  ---
  duration_ms: 0.887061
  type: 'test'
  ...
# Subtest: R4-R2 reserves a visible global Work composer and reports question-selected formal evidence honestly
ok 997 - R4-R2 reserves a visible global Work composer and reports question-selected formal evidence honestly
  ---
  duration_ms: 0.795713
  type: 'test'
  ...
# Subtest: R4-R1 reserves 1195 canvas space for the preserved directory and checks geometry in the browser smoke
ok 998 - R4-R1 reserves 1195 canvas space for the preserved directory and checks geometry in the browser smoke
  ---
  duration_ms: 2.400472
  type: 'test'
  ...
# Subtest: Provider settings invalidate the Shell status snapshot without exposing credentials
ok 999 - Provider settings invalidate the Shell status snapshot without exposing credentials
  ---
  duration_ms: 0.851632
  type: 'test'
  ...
# Subtest: Work lane names a retained Page Agent Run without mounting execution controls
ok 1000 - Work lane names a retained Page Agent Run without mounting execution controls
  ---
  duration_ms: 0.211826
  type: 'test'
  ...
# Subtest: candidate and execution defaults preserve readable node widths and pan overflow
ok 1001 - candidate and execution defaults preserve readable node widths and pan overflow
  ---
  duration_ms: 1.662835
  type: 'test'
  ...
# Subtest: time conflicts stay blocked with a correction route and no formal-write claim
ok 1002 - time conflicts stay blocked with a correction route and no formal-write claim
  ---
  duration_ms: 0.159012
  type: 'test'
  ...
# Subtest: invalid-record warning is a dismissible workspace card
ok 1003 - invalid-record warning is a dismissible workspace card
  ---
  duration_ms: 0.141388
  type: 'test'
  ...
# Subtest: temporal cache recovery falls back to the formal base layout without an implicit model run
ok 1004 - temporal cache recovery falls back to the formal base layout without an implicit model run
  ---
  duration_ms: 0.161086
  type: 'test'
  ...
# Subtest: product core freezes timeline as an independent projection of shared Event identity
ok 1005 - product core freezes timeline as an independent projection of shared Event identity
  ---
  duration_ms: 0.831803
  type: 'test'
  ...
# Subtest: semantic temporal placement remains a read-only Agent projection
ok 1006 - semantic temporal placement remains a read-only Agent projection
  ---
  duration_ms: 0.175805
  type: 'test'
  ...
# Subtest: smart relation candidates are visible, source-bound and separate from formal Relations
ok 1007 - smart relation candidates are visible, source-bound and separate from formal Relations
  ---
  duration_ms: 0.821192
  type: 'test'
  ...
# Subtest: batch accept materializes only existing-owner Relation candidates
ok 1008 - batch accept materializes only existing-owner Relation candidates
  ---
  duration_ms: 0.24475
  type: 'test'
  ...
# Subtest: R6 story spine exposes trunk, branch, semantic zoom and optional collection points
ok 1009 - R6 story spine exposes trunk, branch, semantic zoom and optional collection points
  ---
  duration_ms: 0.899777
  type: 'test'
  ...
# Subtest: unit and event controls route to existing owners and preserve cross-view identity
ok 1010 - unit and event controls route to existing owners and preserve cross-view identity
  ---
  duration_ms: 0.267916
  type: 'test'
  ...
# Subtest: bottom AI tools occupy their own layout row instead of covering the story canvas
ok 1011 - bottom AI tools occupy their own layout row instead of covering the story canvas
  ---
  duration_ms: 2.070725
  type: 'test'
  ...
# Subtest: timeline exposes synchronized top and left rulers plus selected Event crosshair
ok 1012 - timeline exposes synchronized top and left rulers plus selected Event crosshair
  ---
  duration_ms: 0.933603
  type: 'test'
  ...
# Subtest: unplaced and conflict Events remain in explicit regions instead of the timeline tail
ok 1013 - unplaced and conflict Events remain in explicit regions instead of the timeline tail
  ---
  duration_ms: 0.280601
  type: 'test'
  ...
# Subtest: view navigation, pan and zoom advertise a zero-cost read path
ok 1014 - view navigation, pan and zoom advertise a zero-cost read path
  ---
  duration_ms: 0.174733
  type: 'test'
  ...
# Subtest: project directory keeps Classified and Pending review in the same navigation slot
ok 1015 - project directory keeps Classified and Pending review in the same navigation slot
  ---
  duration_ms: 1.007237
  type: 'test'
  ...
# Subtest: page-tool registry feeds one contextual dock and unavailable tools cannot open
ok 1016 - page-tool registry feeds one contextual dock and unavailable tools cannot open
  ---
  duration_ms: 0.958081
  type: 'test'
  ...
# Subtest: page-tool rail follows measured Shell focus mode and blocks unavailable tools
ok 1017 - page-tool rail follows measured Shell focus mode and blocks unavailable tools
  ---
  duration_ms: 0.379355
  type: 'test'
  ...
# Subtest: composer bottom controls use the unified fixed overlay rather than the clipped sidebar
ok 1018 - composer bottom controls use the unified fixed overlay rather than the clipped sidebar
  ---
  duration_ms: 0.313435
  type: 'test'
  ...
# Subtest: composer popovers keep compact quick views while preserving their honest boundaries
ok 1019 - composer popovers keep compact quick views while preserving their honest boundaries
  ---
  duration_ms: 0.270892
  type: 'test'
  ...
# Subtest: Tianyi capability launcher is registry-driven and runtime controls stay outside the plus menu
ok 1020 - Tianyi capability launcher is registry-driven and runtime controls stay outside the plus menu
  ---
  duration_ms: 0.570179
  type: 'test'
  ...
# Subtest: responsive shell has no intermediate truncated space-rail state
ok 1021 - responsive shell has no intermediate truncated space-rail state
  ---
  duration_ms: 0.574628
  type: 'test'
  ...
# Subtest: saved Tianyi reply opens as editable body while preserving source identity in the existing slot
ok 1022 - saved Tianyi reply opens as editable body while preserving source identity in the existing slot
  ---
  duration_ms: 2.7303
  type: 'test'
  ...
# Subtest: ordinary creative drafts remain byte-for-byte editable without invented provenance
ok 1023 - ordinary creative drafts remain byte-for-byte editable without invented provenance
  ---
  duration_ms: 0.116839
  type: 'test'
  ...
# Subtest: Tianyi Event candidate reaches the existing review and sole Event writer without duplicates
ok 1024 - Tianyi Event candidate reaches the existing review and sole Event writer without duplicates
  ---
  duration_ms: 1581.999896
  type: 'test'
  ...
# Subtest: Tianyi Creative Golden Loop preserves source, reviews candidates, and recovers owner receipts
ok 1025 - Tianyi Creative Golden Loop preserves source, reviews candidates, and recovers owner receipts
  ---
  duration_ms: 1461.14034
  type: 'test'
  ...
# Subtest: Creative supported candidates hand off to the existing Agent proposal owner and recover its receipt
ok 1026 - Creative supported candidates hand off to the existing Agent proposal owner and recover its receipt
  ---
  duration_ms: 999.791855
  type: 'test'
  ...
# Subtest: event, candidate overlay and Agent execution remain three explicit graph layers
ok 1027 - event, candidate overlay and Agent execution remain three explicit graph layers
  ---
  duration_ms: 0.883084
  type: 'test'
  ...
# Subtest: seven semantic node families have distinct product components
ok 1028 - seven semantic node families have distinct product components
  ---
  duration_ms: 0.375798
  type: 'test'
  ...
# Subtest: shared ports expose 24px targets while families retain readable dimensions and states
ok 1029 - shared ports expose 24px targets while families retain readable dimensions and states
  ---
  duration_ms: 2.459579
  type: 'test'
  ...
# Subtest: execution detail is safe and never presents private runtime internals
ok 1030 - execution detail is safe and never presents private runtime internals
  ---
  duration_ms: 0.192638
  type: 'test'
  ...
# Subtest: execution graph stop, retry, polling and refresh recovery remain product-owned
ok 1031 - execution graph stop, retry, polling and refresh recovery remain product-owned
  ---
  duration_ms: 0.177449
  type: 'test'
  ...
# Subtest: sidebar Work is one surface of the shared Work lane and cannot dispatch Page Agent work
ok 1032 - sidebar Work is one surface of the shared Work lane and cannot dispatch Page Agent work
  ---
  duration_ms: 1.092094
  type: 'test'
  ...
# Subtest: Page Agent owns page-scoped prediction controls without owning a second Session
ok 1033 - Page Agent owns page-scoped prediction controls without owning a second Session
  ---
  duration_ms: 0.393152
  type: 'test'
  ...
# Subtest: runtime owns one conversation while Creative, Work and Page Agent transient state stay isolated
ok 1034 - runtime owns one conversation while Creative, Work and Page Agent transient state stay isolated
  ---
  duration_ms: 0.26987
  type: 'test'
  ...
# Subtest: Tianyi big page exposes Creative and Work lanes with real Pi Story Intake plus an explicit legacy fixture
ok 1035 - Tianyi big page exposes Creative and Work lanes with real Pi Story Intake plus an explicit legacy fixture
  ---
  duration_ms: 0.2854
  type: 'test'
  ...
# Subtest: pending abandonment identity survives a panel instance and remains project scoped
ok 1036 - pending abandonment identity survives a panel instance and remains project scoped
  ---
  duration_ms: 1.290664
  type: 'test'
  ...
# Subtest: terminal prediction status can be replayed by a remounted panel
ok 1037 - terminal prediction status can be replayed by a remounted panel
  ---
  duration_ms: 0.267084
  type: 'test'
  ...
# Subtest: a remounted panel defers only non-terminal snapshots while exact abandonment is pending
ok 1038 - a remounted panel defers only non-terminal snapshots while exact abandonment is pending
  ---
  duration_ms: 0.170986
  type: 'test'
  ...
# Subtest: persistent Run state maps to a view without inventing domain progress
ok 1039 - persistent Run state maps to a view without inventing domain progress
  ---
  duration_ms: 0.209772
  type: 'test'
  ...
# Subtest: candidate navigation keeps a separate presentation state
ok 1040 - candidate navigation keeps a separate presentation state
  ---
  duration_ms: 0.312022
  type: 'test'
  ...
# Subtest: drafted receipt recovery never reopens a terminal abandoned or stale Run
ok 1041 - drafted receipt recovery never reopens a terminal abandoned or stale Run
  ---
  duration_ms: 0.187568
  type: 'test'
  ...
# Subtest: reload recovery chooses the same-source Run with the newest durable drafted receipt
ok 1042 - reload recovery chooses the same-source Run with the newest durable drafted receipt
  ---
  duration_ms: 0.422279
  type: 'test'
  ...
# Subtest: an older non-terminal Run snapshot cannot overwrite a terminal owner state
ok 1043 - an older non-terminal Run snapshot cannot overwrite a terminal owner state
  ---
  duration_ms: 0.162599
  type: 'test'
  ...
# Subtest: a persisted abandonment recovers the exact Run while its command response is still pending
ok 1044 - a persisted abandonment recovers the exact Run while its command response is still pending
  ---
  duration_ms: 1.198313
  type: 'test'
  ...
# Subtest: a terminal prediction fence survives a panel remount and projects an older ready replay as terminal
ok 1045 - a terminal prediction fence survives a panel remount and projects an older ready replay as terminal
  ---
  duration_ms: 2.283062
  type: 'test'
  ...
# Subtest: the drafted receipt recovery effect invalidates stale responses after a terminal Run update
ok 1046 - the drafted receipt recovery effect invalidates stale responses after a terminal Run update
  ---
  duration_ms: 0.633354
  type: 'test'
  ...
# Subtest: the four author stages remain stable across detailed candidate views
ok 1047 - the four author stages remain stable across detailed candidate views
  ---
  duration_ms: 0.143312
  type: 'test'
  ...
# Subtest: Tianyi receives a compact count and Unit summary instead of a duplicate source list
ok 1048 - Tianyi receives a compact count and Unit summary instead of a duplicate source list
  ---
  duration_ms: 0.096159
  type: 'test'
  ...
# Subtest: relation handoff preserves distinct endpoint materials and exact event revisions
ok 1049 - relation handoff preserves distinct endpoint materials and exact event revisions
  ---
  duration_ms: 1.449516
  type: 'test'
  ...
# Subtest: incomplete event identity is rejected instead of borrowing a current revision
ok 1050 - incomplete event identity is rejected instead of borrowing a current revision
  ---
  duration_ms: 0.18839
  type: 'test'
  ...
# Subtest: unknown relation direction is not reinterpreted
ok 1051 - unknown relation direction is not reinterpreted
  ---
  duration_ms: 0.169242
  type: 'test'
  ...
# Subtest: Timeline projects one stored entry into status, character, location, and custom tracks
ok 1052 - Timeline projects one stored entry into status, character, location, and custom tracks
  ---
  duration_ms: 2.127096
  type: 'test'
  ...
# Subtest: Timeline dependency authoring stores stable IDs without prose or order mutation
ok 1053 - Timeline dependency authoring stores stable IDs without prose or order mutation
  ---
  duration_ms: 0.536383
  type: 'test'
  ...
# Subtest: Timeline incident-edge deletion is explicit and removes edges with the chosen entry
ok 1054 - Timeline incident-edge deletion is explicit and removes edges with the chosen entry
  ---
  duration_ms: 0.257806
  type: 'test'
  ...
# Subtest: Timeline search is temporary while status and object filters are persisted inputs
ok 1055 - Timeline search is temporary while status and object filters are persisted inputs
  ---
  duration_ms: 0.611189
  type: 'test'
  ...
# Subtest: Timeline global reorder updates every projection and never changes dependencies
ok 1056 - Timeline global reorder updates every projection and never changes dependencies
  ---
  duration_ms: 0.374655
  type: 'test'
  ...
# Subtest: Timeline shows missing references without inventing a ghost title and computes order warnings
ok 1057 - Timeline shows missing references without inventing a ghost title and computes order warnings
  ---
  duration_ms: 1.232931
  type: 'test'
  ...
# Subtest: Timeline keeps ineligible linked events out of authoring tracks
ok 1058 - Timeline keeps ineligible linked events out of authoring tracks
  ---
  duration_ms: 0.363795
  type: 'test'
  ...
# Subtest: Timeline derives a planning-to-canon link from current diagnostics without copying titles
ok 1059 - Timeline derives a planning-to-canon link from current diagnostics without copying titles
  ---
  duration_ms: 0.234952
  type: 'test'
  ...
# Subtest: Path A binds one existing OutputArtifact to root r1 and appends root r2 exactly once
ok 1060 - Path A binds one existing OutputArtifact to root r1 and appends root r2 exactly once
  ---
  duration_ms: 315.659804
  type: 'test'
  ...
# Subtest: B1 creates one named IF from the frozen root identity without copying story facts
ok 1061 - B1 creates one named IF from the frozen root identity without copying story facts
  ---
  duration_ms: 98.580337
  type: 'test'
  ...
# Subtest: root WorkVersion records a hashable empty verified-Canon Event slice
ok 1062 - root WorkVersion records a hashable empty verified-Canon Event slice
  ---
  duration_ms: 31.99836
  type: 'test'
  ...
# Subtest: B1 C appends the selected target version only after its frozen target preflight
ok 1063 - B1 C appends the selected target version only after its frozen target preflight
  ---
  duration_ms: 101.027561
  type: 'test'
  ...
# Subtest: a root-bound fixed artifact remains available when the project also has an IF
ok 1064 - a root-bound fixed artifact remains available when the project also has an IF
  ---
  duration_ms: 105.054487
  type: 'test'
  ...
# Subtest: B1 IF freezes N4 holder state in the existing WorldState Owner
ok 1065 - B1 IF freezes N4 holder state in the existing WorldState Owner
  ---
  duration_ms: 143.24329
  type: 'test'
  ...
# Subtest: pinned artifact export keeps the exact saved package after its Story Unit changes
ok 1066 - pinned artifact export keeps the exact saved package after its Story Unit changes
  ---
  duration_ms: 124.373655
  type: 'test'
  ...
# Subtest: pinned artifact export rejects a snapshot whose Markdown no longer matches its saved digest
ok 1067 - pinned artifact export rejects a snapshot whose Markdown no longer matches its saved digest
  ---
  duration_ms: 82.221269
  type: 'test'
  ...
# Subtest: selected formal Event prose is frozen into the source-bound Markdown without borrowing unit summaries
ok 1068 - selected formal Event prose is frozen into the source-bound Markdown without borrowing unit summaries
  ---
  duration_ms: 79.188525
  type: 'test'
  ...
# Subtest: multiple fixed artifacts require an explicit selection while current and archived-source reads keep their boundaries
ok 1069 - multiple fixed artifacts require an explicit selection while current and archived-source reads keep their boundaries
  ---
  duration_ms: 268.563713
  type: 'test'
  ...
# Subtest: multi-artifact save, reconciliation, and recovery stay on the explicitly selected artifact
ok 1070 - multi-artifact save, reconciliation, and recovery stay on the explicitly selected artifact
  ---
  duration_ms: 213.630977
  type: 'test'
  ...
# Subtest: current selection excludes author intent and mixed selected/unselected Event fragments
ok 1071 - current selection excludes author intent and mixed selected/unselected Event fragments
  ---
  duration_ms: 46.088893
  type: 'test'
  ...
# Subtest: artifact save uses optimistic concurrency and duplicate operation creates no second revision
ok 1072 - artifact save uses optimistic concurrency and duplicate operation creates no second revision
  ---
  duration_ms: 76.681845
  type: 'test'
  ...
# Subtest: crash after artifact save reconciles only the missing WorkVersion append after restart
ok 1073 - crash after artifact save reconciles only the missing WorkVersion append after restart
  ---
  duration_ms: 75.109027
  type: 'test'
  ...
# Subtest: root source advance becomes historical, missing/corrupt fail closed, and archive stays valid
ok 1074 - root source advance becomes historical, missing/corrupt fail closed, and archive stays valid
  ---
  duration_ms: 152.435707
  type: 'test'
  ...
# Subtest: legacy OutputArtifact remains readable without automatic WorkVersion binding
ok 1075 - legacy OutputArtifact remains readable without automatic WorkVersion binding
  ---
  duration_ms: 24.284506
  type: 'test'
  ...
# Subtest: Neutral Story Package WorkVersion source is deterministic
ok 1076 - Neutral Story Package WorkVersion source is deterministic
  ---
  duration_ms: 14.426422
  type: 'test'
  ...
# Subtest: source validation rejects derived binding before owner resolution
ok 1077 - source validation rejects derived binding before owner resolution
  ---
  duration_ms: 0.209091
  type: 'test'
  ...
# Subtest: historical_valid source uses the shared owner-referenced semantic compare primitive
ok 1078 - historical_valid source uses the shared owner-referenced semantic compare primitive
  ---
  duration_ms: 100.297557
  type: 'test'
  ...
# Subtest: keep old source is a read-only choice with zero artifact or WorkVersion writes
ok 1079 - keep old source is a read-only choice with zero artifact or WorkVersion writes
  ---
  duration_ms: 126.596889
  type: 'test'
  ...
# Subtest: author reconciliation appends one OutputArtifact revision pinned to r3 and root r4 without rewriting body
ok 1080 - author reconciliation appends one OutputArtifact revision pinned to r3 and root r4 without rewriting body
  ---
  duration_ms: 173.216585
  type: 'test'
  ...
# Subtest: duplicate source reconciliation returns the same Artifact and WorkVersion revisions
ok 1081 - duplicate source reconciliation returns the same Artifact and WorkVersion revisions
  ---
  duration_ms: 176.750462
  type: 'test'
  ...
# Subtest: root optimistic concurrency fails closed after compare with zero reconciliation writes
ok 1082 - root optimistic concurrency fails closed after compare with zero reconciliation writes
  ---
  duration_ms: 131.137824
  type: 'test'
  ...
# Subtest: crash after Artifact reconciliation append recovers only root r4 after restart
ok 1083 - crash after Artifact reconciliation append recovers only root r4 after restart
  ---
  duration_ms: 173.551042
  type: 'test'
  ...
# Subtest: lost response after WorkVersion append replays the same completed result
ok 1084 - lost response after WorkVersion append replays the same completed result
  ---
  duration_ms: 181.296989
  type: 'test'
  ...
# Subtest: missing, corrupt and simulated concurrent compare states block author confirmation
ok 1085 - missing, corrupt and simulated concurrent compare states block author confirmation
  ---
  duration_ms: 105.054857
  type: 'test'
  ...
# Subtest: project-scoped Creation Source Port exposes the required owner-coordination contract
ok 1086 - project-scoped Creation Source Port exposes the required owner-coordination contract
  ---
  duration_ms: 14.15009
  type: 'test'
  ...
# Subtest: normal project-scoped Artifact source persists no Nuwa runtime identity
ok 1087 - normal project-scoped Artifact source persists no Nuwa runtime identity
  ---
  duration_ms: 56.572906
  type: 'test'
  ...
# Subtest: catalog reads as a virtual builtin projection without creating a file
ok 1088 - catalog reads as a virtual builtin projection without creating a file
  ---
  duration_ms: 16.729134
  type: 'test'
  ...
# Subtest: builtin mappings are deterministic and event/rule/thread remain uncertain
ok 1089 - builtin mappings are deterministic and event/rule/thread remain uncertain
  ---
  duration_ms: 30.672697
  type: 'test'
  ...
# Subtest: custom type lifecycle keeps ids stable and blocks unsafe changes after binding
ok 1090 - custom type lifecycle keeps ids stable and blocks unsafe changes after binding
  ---
  duration_ms: 15.945114
  type: 'test'
  ...
# Subtest: draft types can be deleted only before an object binds them
ok 1091 - draft types can be deleted only before an object binds them
  ---
  duration_ms: 6.525311
  type: 'test'
  ...
# Subtest: fields are versioned, object-reference is rejected, and used fields retire without rewriting objects
ok 1092 - fields are versioned, object-reference is rejected, and used fields retire without rewriting objects
  ---
  duration_ms: 16.324649
  type: 'test'
  ...
# Subtest: catalog and category identities stay separate; reads do not copy objects or write state
ok 1093 - catalog and category identities stay separate; reads do not copy objects or write state
  ---
  duration_ms: 27.926466
  type: 'test'
  ...
# Subtest: unknown explicit bindings and existing recognition proposals share the uncertain read projection
ok 1094 - unknown explicit bindings and existing recognition proposals share the uncertain read projection
  ---
  duration_ms: 21.655966
  type: 'test'
  ...
# Subtest: stale catalog and type revisions fail closed
ok 1095 - stale catalog and type revisions fail closed
  ---
  duration_ms: 3.9778
  type: 'test'
  ...
# Subtest: catalog parser is strict and writes are atomic
ok 1096 - catalog parser is strict and writes are atomic
  ---
  duration_ms: 4.200006
  type: 'test'
  ...
# Subtest: missing companions project deterministic v1 composition without touching disk
ok 1097 - missing companions project deterministic v1 composition without touching disk
  ---
  duration_ms: 22.312985
  type: 'test'
  ...
# Subtest: first explicit save creates an atomic strict companion with an independent hash and no copied prose
ok 1098 - first explicit save creates an atomic strict companion with an independent hash and no copied prose
  ---
  duration_ms: 10.017326
  type: 'test'
  ...
# Subtest: presentation supports duplicate arc references and property groups without storing values
ok 1099 - presentation supports duplicate arc references and property groups without storing values
  ---
  duration_ms: 9.784579
  type: 'test'
  ...
# Subtest: relation groups store bounded stable filters and default-reject copied relationship truth
ok 1100 - relation groups store bounded stable filters and default-reject copied relationship truth
  ---
  duration_ms: 8.916966
  type: 'test'
  ...
# Subtest: schema rejects unknown fields, forbidden content, invalid identities, duplicate blocks, and unsafe values
ok 1101 - schema rejects unknown fields, forbidden content, invalid identities, duplicate blocks, and unsafe values
  ---
  duration_ms: 31.189372
  type: 'test'
  ...
# Subtest: repository rejects stale hashes, traversal-shaped IDs, symlink companions, and missing or symlink assets
ok 1102 - repository rejects stale hashes, traversal-shaped IDs, symlink companions, and missing or symlink assets
  ---
  duration_ms: 14.338981
  type: 'test'
  ...
# Subtest: read diagnostics expose missing portrait and cover assets without inventing replacements
ok 1103 - read diagnostics expose missing portrait and cover assets without inventing replacements
  ---
  duration_ms: 13.713753
  type: 'test'
  ...
# Subtest: repository rejects malformed, oversized, excessive, wrong-version, and symlink companion files without accepting temp residue
ok 1104 - repository rejects malformed, oversized, excessive, wrong-version, and symlink companion files without accepting temp residue
  ---
  duration_ms: 36.53642
  type: 'test'
  ...
# Subtest: local card templates have independent hashes, atomic writes, stable list order, conflicts, and delete semantics
ok 1105 - local card templates have independent hashes, atomic writes, stable list order, conflicts, and delete semantics
  ---
  duration_ms: 48.29759
  type: 'test'
  ...
# Subtest: template repository rejects traversal, malformed and oversized files, symlinks, and copied content fields
ok 1106 - template repository rejects traversal, malformed and oversized files, symlinks, and copied content fields
  ---
  duration_ms: 8.074462
  type: 'test'
  ...
# Subtest: template repository rejects symlink directories and file identity mismatches
ok 1107 - template repository rejects symlink directories and file identity mismatches
  ---
  duration_ms: 7.35513
  type: 'test'
  ...
# Subtest: document revision repository appends portable snapshots, suppresses duplicates, and references milestones
ok 1108 - document revision repository appends portable snapshots, suppresses duplicates, and references milestones
  ---
  duration_ms: 50.145597
  type: 'test'
  ...
# Subtest: map revision previews describe author-facing semantic changes before raw JSON
ok 1109 - map revision previews describe author-facing semantic changes before raw JSON
  ---
  duration_ms: 9.95324
  type: 'test'
  ...
# Subtest: card presentation revision previews describe author actions without leaking stable block IDs
ok 1110 - card presentation revision previews describe author actions without leaking stable block IDs
  ---
  duration_ms: 7.67104
  type: 'test'
  ...
# Subtest: Graph and Tree revision previews describe relationships, proposals, roots, and layout
ok 1111 - Graph and Tree revision previews describe relationships, proposals, roots, and layout
  ---
  duration_ms: 27.809056
  type: 'test'
  ...
# Subtest: Timeline revision previews use current author-facing titles instead of stable IDs
ok 1112 - Timeline revision previews use current author-facing titles instead of stable IDs
  ---
  duration_ms: 13.957041
  type: 'test'
  ...
# Subtest: map drawings preserve an explicit optional location reference without turning labels into facts
ok 1113 - map drawings preserve an explicit optional location reference without turning labels into facts
  ---
  duration_ms: 77.339555
  type: 'test'
  ...
# Subtest: linking an existing local map to a location does not invent a parent placement
ok 1114 - linking an existing local map to a location does not invent a parent placement
  ---
  duration_ms: 66.384488
  type: 'test'
  ...
# Subtest: map placements keep directory-independent point, range and calibrated identities without parent overwrite
ok 1115 - map placements keep directory-independent point, range and calibrated identities without parent overwrite
  ---
  duration_ms: 43.077942
  type: 'test'
  ...
# Subtest: spatial placement edits persist as one protected revision and preserve arbitrary range geometry
ok 1116 - spatial placement edits persist as one protected revision and preserve arbitrary range geometry
  ---
  duration_ms: 32.662845
  type: 'test'
  ...
# Subtest: two corresponding points calibrate translation, uniform scale and rotation while a third point verifies the saved transform
ok 1117 - two corresponding points calibrate translation, uniform scale and rotation while a third point verifies the saved transform
  ---
  duration_ms: 0.726026
  type: 'test'
  ...
# Subtest: authored map north persists without changing old maps or viewport-dependent direction
ok 1118 - authored map north persists without changing old maps or viewport-dependent direction
  ---
  duration_ms: 10.863718
  type: 'test'
  ...
# Subtest: calibration persists and reopens through the sole visual document owner without stale or invalid partial writes
ok 1119 - calibration persists and reopens through the sole visual document owner without stale or invalid partial writes
  ---
  duration_ms: 28.915288
  type: 'test'
  ...
# Subtest: map connections require explicit endpoints while copy, archive and history preserve identity boundaries
ok 1120 - map connections require explicit endpoints while copy, archive and history preserve identity boundaries
  ---
  duration_ms: 32.551235
  type: 'test'
  ...
# Subtest: text-model map proposals validate locked layers, apply atomically, reject stale bases and remain idempotent
ok 1121 - text-model map proposals validate locked layers, apply atomically, reject stale bases and remain idempotent
  ---
  duration_ms: 103.660109
  type: 'test'
  ...
# Subtest: portable project packages preserve map assets, spatial topology, history and proposal receipts
ok 1122 - portable project packages preserve map assets, spatial topology, history and proposal receipts
  ---
  duration_ms: 15.404132
  type: 'test'
  ...
# Subtest: material files keep stable identity through rename, move, archive and historical revision reads
ok 1123 - material files keep stable identity through rename, move, archive and historical revision reads
  ---
  duration_ms: 92.997896
  type: 'test'
  ...
# Subtest: imports distinguish byte duplicates, same-name different content, partial failure and replay
ok 1124 - imports distinguish byte duplicates, same-name different content, partial failure and replay
  ---
  duration_ms: 33.143949
  type: 'test'
  ...
# Subtest: folder moves reject cycles and stale catalog revisions
ok 1125 - folder moves reject cycles and stale catalog revisions
  ---
  duration_ms: 12.649694
  type: 'test'
  ...
# Subtest: portable roots contain immutable material bytes without hidden path indirection
ok 1126 - portable roots contain immutable material bytes without hidden path indirection
  ---
  duration_ms: 12.411196
  type: 'test'
  ...
# Subtest: large material lists page real records, search text and omit bodies from list projections
ok 1127 - large material lists page real records, search text and omit bodies from list projections
  ---
  duration_ms: 192.136689
  type: 'test'
  ...
# Subtest: B1 compares Event, Relation, N4 state and NarrativePlacement by stable identity
ok 1128 - B1 compares Event, Relation, N4 state and NarrativePlacement by stable identity
  ---
  duration_ms: 4.341543
  type: 'test'
  ...
# Subtest: B1 blocks divergent dual-side content and stale target writes
ok 1129 - B1 blocks divergent dual-side content and stale target writes
  ---
  duration_ms: 0.969153
  type: 'test'
  ...
# Subtest: B1 C keeps a resumable Owner-receipt boundary and rejects a changed replay
ok 1130 - B1 C keeps a resumable Owner-receipt boundary and rejects a changed replay
  ---
  duration_ms: 0.950486
  type: 'test'
  ...
# Subtest: compare uses the R0 schema
ok 1131 - compare uses the R0 schema
  ---
  duration_ms: 1.300343
  type: 'test'
  ...
# Subtest: base stays pinned to revision one
ok 1132 - base stays pinned to revision one
  ---
  duration_ms: 1.460678
  type: 'test'
  ...
# Subtest: current exposes the root revision
ok 1133 - current exposes the root revision
  ---
  duration_ms: 0.152219
  type: 'test'
  ...
# Subtest: derived exposes its pinned revision
ok 1134 - derived exposes its pinned revision
  ---
  duration_ms: 0.112701
  type: 'test'
  ...
# Subtest: compare has four owner-referenced write projections
ok 1135 - compare has four owner-referenced write projections
  ---
  duration_ms: 0.10708
  type: 'test'
  ...
# Subtest: compare exposes all sixteen required author semantic dimensions
ok 1136 - compare exposes all sixteen required author semantic dimensions
  ---
  duration_ms: 0.100266
  type: 'test'
  ...
# Subtest: compare distinguishes narrative order from world time
ok 1137 - compare distinguishes narrative order from world time
  ---
  duration_ms: 0.127561
  type: 'test'
  ...
# Subtest: compare exposes Character knowledge and Fate separately
ok 1138 - compare exposes Character knowledge and Fate separately
  ---
  duration_ms: 0.150395
  type: 'test'
  ...
# Subtest: Event is the first semantic dimension
ok 1139 - Event is the first semantic dimension
  ---
  duration_ms: 0.215733
  type: 'test'
  ...
# Subtest: Character is represented
ok 1140 - Character is represented
  ---
  duration_ms: 0.330359
  type: 'test'
  ...
# Subtest: WorldState is represented
ok 1141 - WorldState is represented
  ---
  duration_ms: 0.140686
  type: 'test'
  ...
# Subtest: Relation is represented
ok 1142 - Relation is represented
  ---
  duration_ms: 0.065348
  type: 'test'
  ...
# Subtest: Event difference is changed
ok 1143 - Event difference is changed
  ---
  duration_ms: 0.046872
  type: 'test'
  ...
# Subtest: Character stays unchanged
ok 1144 - Character stays unchanged
  ---
  duration_ms: 0.044657
  type: 'test'
  ...
# Subtest: WorldState stays unchanged
ok 1145 - WorldState stays unchanged
  ---
  duration_ms: 0.04076
  type: 'test'
  ...
# Subtest: Relation remains unknown
ok 1146 - Relation remains unknown
  ---
  duration_ms: 0.038836
  type: 'test'
  ...
# Subtest: only one row is selectable
ok 1147 - only one row is selectable
  ---
  duration_ms: 0.046211
  type: 'test'
  ...
# Subtest: selectable row is Event
ok 1148 - selectable row is Event
  ---
  duration_ms: 0.042935
  type: 'test'
  ...
# Subtest: Event uses the fixed change identity
ok 1149 - Event uses the fixed change identity
  ---
  duration_ms: 0.039949
  type: 'test'
  ...
# Subtest: Event carries two source references
ok 1150 - Event carries two source references
  ---
  duration_ms: 0.038706
  type: 'test'
  ...
# Subtest: Character cannot be selected
ok 1151 - Character cannot be selected
  ---
  duration_ms: 0.036271
  type: 'test'
  ...
# Subtest: WorldState cannot be selected
ok 1152 - WorldState cannot be selected
  ---
  duration_ms: 0.039357
  type: 'test'
  ...
# Subtest: Relation cannot be selected
ok 1153 - Relation cannot be selected
  ---
  duration_ms: 0.038887
  type: 'test'
  ...
# Subtest: valid selection returns Event row
ok 1154 - valid selection returns Event row
  ---
  duration_ms: 0.138612
  type: 'test'
  ...
# Subtest: duplicate selection values normalize to one
ok 1155 - duplicate selection values normalize to one
  ---
  duration_ms: 0.062282
  type: 'test'
  ...
# Subtest: empty selection fails closed
ok 1156 - empty selection fails closed
  ---
  duration_ms: 0.293796
  type: 'test'
  ...
# Subtest: unknown selection fails closed
ok 1157 - unknown selection fails closed
  ---
  duration_ms: 0.068926
  type: 'test'
  ...
# Subtest: two distinct selections fail closed
ok 1158 - two distinct selections fail closed
  ---
  duration_ms: 0.053344
  type: 'test'
  ...
# Subtest: whitespace-only selection fails closed
ok 1159 - whitespace-only selection fails closed
  ---
  duration_ms: 0.047814
  type: 'test'
  ...
# Subtest: missing source projects insufficient evidence
ok 1160 - missing source projects insufficient evidence
  ---
  duration_ms: 0.067913
  type: 'test'
  ...
# Subtest: missing source blocks selection
ok 1161 - missing source blocks selection
  ---
  duration_ms: 0.063144
  type: 'test'
  ...
# Subtest: missing source validation fails
ok 1162 - missing source validation fails
  ---
  duration_ms: 0.089566
  type: 'test'
  ...
# Subtest: stale selection projects stale distinctly
ok 1163 - stale selection projects stale distinctly
  ---
  duration_ms: 0.068996
  type: 'test'
  ...
# Subtest: stale selection blocks selection
ok 1164 - stale selection blocks selection
  ---
  duration_ms: 0.05589
  type: 'test'
  ...
# Subtest: stale selection validation fails
ok 1165 - stale selection validation fails
  ---
  duration_ms: 0.879677
  type: 'test'
  ...
# Subtest: integrated compare projects root revision two
ok 1166 - integrated compare projects root revision two
  ---
  duration_ms: 0.101098
  type: 'test'
  ...
# Subtest: integrated compare keeps derived pin one
ok 1167 - integrated compare keeps derived pin one
  ---
  duration_ms: 0.06111
  type: 'test'
  ...
# Subtest: integrated Event is no longer selectable
ok 1168 - integrated Event is no longer selectable
  ---
  duration_ms: 0.049968
  type: 'test'
  ...
# Subtest: integrated Event projects integrated distinctly
ok 1169 - integrated Event projects integrated distinctly
  ---
  duration_ms: 0.040469
  type: 'test'
  ...
# Subtest: integrated Event current text is confirmed
ok 1170 - integrated Event current text is confirmed
  ---
  duration_ms: 0.12255
  type: 'test'
  ...
# Subtest: integrated selection cannot write again
ok 1171 - integrated selection cannot write again
  ---
  duration_ms: 0.088103
  type: 'test'
  ...
# Subtest: projection contains no merge operation
ok 1172 - projection contains no merge operation
  ---
  duration_ms: 0.144754
  type: 'test'
  ...
# Subtest: projection contains no raw provider body
ok 1173 - projection contains no raw provider body
  ---
  duration_ms: 0.100046
  type: 'test'
  ...
# Subtest: Event base and derived are semantically distinct
ok 1174 - Event base and derived are semantically distinct
  ---
  duration_ms: 0.080297
  type: 'test'
  ...
# Subtest: unchanged Character base and current match
ok 1175 - unchanged Character base and current match
  ---
  duration_ms: 0.049186
  type: 'test'
  ...
# Subtest: unchanged WorldState base and current match
ok 1176 - unchanged WorldState base and current match
  ---
  duration_ms: 0.052322
  type: 'test'
  ...
# Subtest: object catalog defaults old projects to empty non-trash metadata and isolates work versions
ok 1177 - object catalog defaults old projects to empty non-trash metadata and isolates work versions
  ---
  duration_ms: 4.326183
  type: 'test'
  ...
# Subtest: trash preserves its source lifecycle and restore removes only catalog trash metadata
ok 1178 - trash preserves its source lifecycle and restore removes only catalog trash metadata
  ---
  duration_ms: 1.54346
  type: 'test'
  ...
# Subtest: catalog persists directory metadata only and rejects stale revisions
ok 1179 - catalog persists directory metadata only and rejects stale revisions
  ---
  duration_ms: 1.036615
  type: 'test'
  ...
# Subtest: catalog accepts durable Unicode WorldObject identifiers without storing character fields
ok 1180 - catalog accepts durable Unicode WorldObject identifiers without storing character fields
  ---
  duration_ms: 0.771043
  type: 'test'
  ...
# Subtest: new GraphDocument persists only relation references while the repository owns semantic fields
ok 1181 - new GraphDocument persists only relation references while the repository owns semantic fields
  ---
  duration_ms: 83.46957
  type: 'test'
  ...
# Subtest: same endpoints support independent relations and same legacy EdgeId is graph-scoped
ok 1182 - same endpoints support independent relations and same legacy EdgeId is graph-scoped
  ---
  duration_ms: 63.5734
  type: 'test'
  ...
# Subtest: candidate accept/reject uses one relationId and durable exactly-once receipts
ok 1183 - candidate accept/reject uses one relationId and durable exactly-once receipts
  ---
  duration_ms: 96.858827
  type: 'test'
  ...
# Subtest: legacy graph read is zero-write, preview is composite-keyed, fixture apply is deterministic and idempotent
ok 1184 - legacy graph read is zero-write, preview is composite-keyed, fixture apply is deterministic and idempotent
  ---
  duration_ms: 35.24789
  type: 'test'
  ...
# Subtest: unknown GraphNode endpoints fail closed without creating a WorldObject
ok 1185 - unknown GraphNode endpoints fail closed without creating a WorldObject
  ---
  duration_ms: 8.64417
  type: 'test'
  ...
# Subtest: default traversal is directional and undirected exploration is explicit
ok 1186 - default traversal is directional and undirected exploration is explicit
  ---
  duration_ms: 14.157354
  type: 'test'
  ...
# Subtest: Relation Type metadata is operation-allocated, reusable, rename-safe, collision-guarded, and retire-only
ok 1187 - Relation Type metadata is operation-allocated, reusable, rename-safe, collision-guarded, and retire-only
  ---
  duration_ms: 118.795192
  type: 'test'
  ...
# Subtest: v1 Relation stores read, list, search, and project legacy-inline types without writing bytes
ok 1188 - v1 Relation stores read, list, search, and project legacy-inline types without writing bytes
  ---
  duration_ms: 39.099952
  type: 'test'
  ...
# Subtest: safe state operations enforce candidate-only creation, revision guards, immutable endpoints, tombstones, correction lineage, and exactly-once receipts
ok 1189 - safe state operations enforce candidate-only creation, revision guards, immutable endpoints, tombstones, correction lineage, and exactly-once receipts
  ---
  duration_ms: 57.948477
  type: 'test'
  ...
# Subtest: exact duplicate suggestions are read-only, ordered, and history-separated
ok 1190 - exact duplicate suggestions are read-only, ordered, and history-separated
  ---
  duration_ms: 19.203932
  type: 'test'
  ...
# Subtest: card section anchors require the frozen one-line comment followed by an ATX heading
ok 1191 - card section anchors require the frozen one-line comment followed by an ATX heading
  ---
  duration_ms: 2.239316
  type: 'test'
  ...
# Subtest: duplicate section identifiers block writes while unrelated comments remain ordinary Markdown
ok 1192 - duplicate section identifiers block writes while unrelated comments remain ordinary Markdown
  ---
  duration_ms: 0.498148
  type: 'test'
  ...
# Subtest: append, edit, and unplaced detection preserve unrelated Markdown exactly
ok 1193 - append, edit, and unplaced detection preserve unrelated Markdown exactly
  ---
  duration_ms: 0.510271
  type: 'test'
  ...
# Subtest: duplicate character arcs use stable independent anchors
ok 1194 - duplicate character arcs use stable independent anchors
  ---
  duration_ms: 0.344376
  type: 'test'
  ...
# Subtest: malformed and over-broad anchors are diagnosed but not interpreted
ok 1195 - malformed and over-broad anchors are diagnosed but not interpreted
  ---
  duration_ms: 0.126068
  type: 'test'
  ...
# Subtest: workspace CLI creates validates lists and rebuilds a Markdown workspace
ok 1196 - workspace CLI creates validates lists and rebuilds a Markdown workspace
  ---
  duration_ms: 1161.137505
  type: 'test'
  ...
# Subtest: existing Story Control Surface commands remain available
ok 1197 - existing Story Control Surface commands remain available
  ---
  duration_ms: 146.867054
  type: 'test'
  ...
# Subtest: create open validate and summarize a Markdown-first workspace
ok 1198 - create open validate and summarize a Markdown-first workspace
  ---
  duration_ms: 28.915368
  type: 'test'
  ...
# Subtest: creates reads updates renames and deletes canonical Markdown notes
ok 1199 - creates reads updates renames and deletes canonical Markdown notes
  ---
  duration_ms: 18.125014
  type: 'test'
  ...
# Subtest: preserves unknown flat YAML properties and Markdown bodies
ok 1200 - preserves unknown flat YAML properties and Markdown bodies
  ---
  duration_ms: 10.102534
  type: 'test'
  ...
# Subtest: parses standard Markdown links and Obsidian-compatible wikilinks
ok 1201 - parses standard Markdown links and Obsidian-compatible wikilinks
  ---
  duration_ms: 0.361119
  type: 'test'
  ...
# Subtest: rejects traversal and symlink escapes
ok 1202 - rejects traversal and symlink escapes
  ---
  duration_ms: 3.483419
  type: 'test'
  ...
# Subtest: detects externally modified notes instead of silently overwriting them
ok 1203 - detects externally modified notes instead of silently overwriting them
  ---
  duration_ms: 4.370691
  type: 'test'
  ...
# Subtest: index is derived, contains no prose, and rebuilds after deletion
ok 1204 - index is derived, contains no prose, and rebuilds after deletion
  ---
  duration_ms: 13.671571
  type: 'test'
  ...
# Subtest: derived index repairs external Markdown deletion and content drift before listing
ok 1205 - derived index repairs external Markdown deletion and content drift before listing
  ---
  duration_ms: 12.365817
  type: 'test'
  ...
# Subtest: state deletion does not delete canonical story content and tree stays deterministic
ok 1206 - state deletion does not delete canonical story content and tree stays deterministic
  ---
  duration_ms: 5.760951
  type: 'test'
  ...
# Subtest: workspace implementation stays local deterministic and contains no external client
ok 1207 - workspace implementation stays local deterministic and contains no external client
  ---
  duration_ms: 0.905808
  type: 'test'
  ...
# Subtest: fixture truth projects exact workspace chapter scene thread and locked-rule context
ok 1208 - fixture truth projects exact workspace chapter scene thread and locked-rule context
  ---
  duration_ms: 19.581143
  type: 'test'
  ...
# Subtest: index rebuild preserves workspace truth without copying prose into derived JSON
ok 1209 - index rebuild preserves workspace truth without copying prose into derived JSON
  ---
  duration_ms: 4.907995
  type: 'test'
  ...
# Subtest: stale workspace writes remain conflicts and never overwrite external Markdown
ok 1210 - stale workspace writes remain conflicts and never overwrite external Markdown
  ---
  duration_ms: 2.408819
  type: 'test'
  ...
# Subtest: storage, Agent, pending confirmation and continuity survive restart plus .tianyan roundtrip
ok 1211 - storage, Agent, pending confirmation and continuity survive restart plus .tianyan roundtrip
  ---
  duration_ms: 322.407581
  type: 'test'
  ...
# Subtest: visual document repository persists open map and graph envelopes with stable object references
ok 1212 - visual document repository persists open map and graph envelopes with stable object references
  ---
  duration_ms: 71.350568
  type: 'test'
  ...
# Subtest: Map v1 content migrates additively to backgrounds and author-facing styles
ok 1213 - Map v1 content migrates additively to backgrounds and author-facing styles
  ---
  duration_ms: 22.560191
  type: 'test'
  ...
# Subtest: map stores an explicit scope and typed structure without creating relation facts
ok 1214 - map stores an explicit scope and typed structure without creating relation facts
  ---
  duration_ms: 13.748111
  type: 'test'
  ...
# Subtest: map authoring geometry and local entrances remain visual-document data
ok 1215 - map authoring geometry and local entrances remain visual-document data
  ---
  duration_ms: 11.605875
  type: 'test'
  ...
# Subtest: Map 2.0 validates multiple backgrounds, polygon styles, and label bounds
ok 1216 - Map 2.0 validates multiple backgrounds, polygon styles, and label bounds
  ---
  duration_ms: 13.399316
  type: 'test'
  ...
# Subtest: visual documents reject invalid references and stale external edits
ok 1217 - visual documents reject invalid references and stale external edits
  ---
  duration_ms: 10.38051
  type: 'test'
  ...
# Subtest: visual documents with the same title receive unique paths and stable IDs
ok 1218 - visual documents with the same title receive unique paths and stable IDs
  ---
  duration_ms: 7.951471
  type: 'test'
  ...
# Subtest: visual asset import writes allowlisted local image data outside .world-os
ok 1219 - visual asset import writes allowlisted local image data outside .world-os
  ---
  duration_ms: 4.003229
  type: 'test'
  ...
# Subtest: timeline accepts only committed author-confirmed event Markdown and stores references without prose
ok 1220 - timeline accepts only committed author-confirmed event Markdown and stores references without prose
  ---
  duration_ms: 13.940128
  type: 'test'
  ...
# Subtest: Timeline v1 reads additively without rewriting bytes and saves deterministic v2 content
ok 1221 - Timeline v1 reads additively without rewriting bytes and saves deterministic v2 content
  ---
  duration_ms: 16.343676
  type: 'test'
  ...
# Subtest: Timeline v2 preserves invalid reads while operation-level validation permits cleanup and display-only saves
ok 1222 - Timeline v2 preserves invalid reads while operation-level validation permits cleanup and display-only saves
  ---
  duration_ms: 28.736607
  type: 'test'
  ...
# Subtest: Timeline v2 dependency validation is repository-owned, cycle-safe, and mutation-free
ok 1223 - Timeline v2 dependency validation is repository-owned, cycle-safe, and mutation-free
  ---
  duration_ms: 38.601233
  type: 'test'
  ...
# Subtest: tree reuses graph relation edges and cannot invent a second relationship truth
ok 1224 - tree reuses graph relation edges and cannot invent a second relationship truth
  ---
  duration_ms: 45.594813
  type: 'test'
  ...
# Subtest: tree keeps stable source references while its graph is temporarily missing
ok 1225 - tree keeps stable source references while its graph is temporarily missing
  ---
  duration_ms: 25.705436
  type: 'test'
  ...
# Subtest: Graph 2.0 migrates proposals additively and keeps pending relations outside confirmed edges
ok 1226 - Graph 2.0 migrates proposals additively and keeps pending relations outside confirmed edges
  ---
  duration_ms: 18.468498
  type: 'test'
  ...
# Subtest: Graph 2.0 path and focus queries use confirmed relationships only
ok 1227 - Graph 2.0 path and focus queries use confirmed relationships only
  ---
  duration_ms: 10.542998
  type: 'test'
  ...
# Subtest: creates one root and one single-parent derived identity idempotently
ok 1228 - creates one root and one single-parent derived identity idempotently
  ---
  duration_ms: 59.928644
  type: 'test'
  ...
# Subtest: rejects incomplete snapshots, key reuse with another payload, derived parents, and revision conflicts
ok 1229 - rejects incomplete snapshots, key reuse with another payload, derived parents, and revision conflicts
  ---
  duration_ms: 28.55504
  type: 'test'
  ...
# Subtest: appends immutable revisions, projects stale without sync, and archives explicitly
ok 1230 - appends immutable revisions, projects stale without sync, and archives explicitly
  ---
  duration_ms: 30.761773
  type: 'test'
  ...
# Subtest: fails closed for changed or missing committed manifests and broken chains
ok 1231 - fails closed for changed or missing committed manifests and broken chains
  ---
  duration_ms: 31.292033
  type: 'test'
  ...
# Subtest: recovers identical identity in another process and writes only its project sub-aggregate
ok 1232 - recovers identical identity in another process and writes only its project sub-aggregate
  ---
  duration_ms: 93.626661
  type: 'test'
  ...
# Subtest: strict manifests exclude raw bodies and no Nuwa or DerivedEventLine path auto-creates versions
ok 1233 - strict manifests exclude raw bodies and no Nuwa or DerivedEventLine path auto-creates versions
  ---
  duration_ms: 6.003857
  type: 'test'
  ...
# Subtest: owner projection resolver is deterministic and rejects missing slices or sensitive bodies
ok 1234 - owner projection resolver is deterministic and rejects missing slices or sensitive bodies
  ---
  duration_ms: 0.693181
  type: 'test'
  ...
# Subtest: workspace layout stores author-owned folders without copying document prose
ok 1235 - workspace layout stores author-owned folders without copying document prose
  ---
  duration_ms: 36.196472
  type: 'test'
  ...
# Subtest: workspace layout rejects stale updates and symlink destinations
ok 1236 - workspace layout rejects stale updates and symlink destinations
  ---
  duration_ms: 18.816121
  type: 'test'
  ...
# Subtest: custom material categories reuse the workspace layout owner and persist rename/order
ok 1237 - custom material categories reuse the workspace layout owner and persist rename/order
  ---
  duration_ms: 26.431471
  type: 'test'
  ...
# Subtest: Workspace Layout V1 separates durable project data from transient files
ok 1238 - Workspace Layout V1 separates durable project data from transient files
  ---
  duration_ms: 1.321223
  type: 'test'
  ...
# Subtest: package port round-trips durable files without copying cache or accepting conflicts
ok 1239 - package port round-trips durable files without copying cache or accepting conflicts
  ---
  duration_ms: 55.390384
  type: 'test'
  ...
# Subtest: portable package rejects traversal, duplicate paths and corrupted hashes
ok 1240 - portable package rejects traversal, duplicate paths and corrupted hashes
  ---
  duration_ms: 0.287865
  type: 'test'
  ...
1..1240
# tests 1253
# suites 0
# pass 1253
# fail 0
# cancelled 0
# skipped 0
# todo 0
# duration_ms 33832.076282
unit PASS: 226 test files

> world-os-deterministic-kernel@0.1.0 test:integration
> node scripts/run-with-canonical-runtime.mjs --experimental-strip-types scripts/run-selected-tests.mjs integration

[tianyan runtime] node=22.22.0 (/home/beelink/.cache/tianyan-runtime/node-v22.22.0-linux-x64/bin/node); npm=10
[tianyan runtime] node=22.22.0 (/home/beelink/.cache/tianyan-runtime/node-v22.22.0-linux-x64/bin/node); npm=10
TAP version 13
# Subtest: generic create and update cannot manufacture planning or Canon identity
ok 1 - generic create and update cannot manufacture planning or Canon identity
  ---
  duration_ms: 87.522116
  type: 'test'
  ...
# Subtest: an author may persist an ordinary event draft without entering Canon
ok 2 - an author may persist an ordinary event draft without entering Canon
  ---
  duration_ms: 17.897928
  type: 'test'
  ...
# Subtest: the unified Event projection includes author drafts but leaves planning records in review
ok 3 - the unified Event projection includes author drafts but leaves planning records in review
  ---
  duration_ms: 35.22767
  type: 'test'
  ...
# Subtest: generic Full Card preserves authority fields while retaining ordinary event metadata edits
ok 4 - generic Full Card preserves authority fields while retaining ordinary event metadata edits
  ---
  duration_ms: 105.544439
  type: 'test'
  ...
# Subtest: Story Studio lists an empty configured root and creates canonical Markdown projects
ok 5 - Story Studio lists an empty configured root and creates canonical Markdown projects
  ---
  duration_ms: 36.599844
  type: 'test'
  ...
# Subtest: Story Studio rejects duplicate unsafe absolute traversal and symlink project identifiers
ok 6 - Story Studio rejects duplicate unsafe absolute traversal and symlink project identifiers
  ---
  duration_ms: 5.069233
  type: 'test'
  ...
# Subtest: Story Studio reopens from relative app state and rereads metadata from Markdown
ok 7 - Story Studio reopens from relative app state and rereads metadata from Markdown
  ---
  duration_ms: 7.801767
  type: 'test'
  ...
# Subtest: Story Studio returns a recoverable state when the remembered project is removed
ok 8 - Story Studio returns a recoverable state when the remembered project is removed
  ---
  duration_ms: 3.602112
  type: 'test'
  ...
# Subtest: writing continuity survives process restart and safely drops stale editor offsets
ok 9 - writing continuity survives process restart and safely drops stale editor offsets
  ---
  duration_ms: 14.205098
  type: 'test'
  ...
# Subtest: Story Unit owner persists formal order, optimistic conflicts, receipts, rollback and cross-Unit movement without touching Event facts
ok 10 - Story Unit owner persists formal order, optimistic conflicts, receipts, rollback and cross-Unit movement without touching Event facts
  ---
  duration_ms: 225.458829
  type: 'test'
  ...
# Subtest: an unversioned legacy project still reads every Event as unplaced without creating WorkVersion or arrangement data
ok 11 - an unversioned legacy project still reads every Event as unplaced without creating WorkVersion or arrangement data
  ---
  duration_ms: 12.81579
  type: 'test'
  ...
# Subtest: existing Story Unit branch identities isolate arrangements and reject implicit merge
ok 12 - existing Story Unit branch identities isolate arrangements and reject implicit merge
  ---
  duration_ms: 101.93397
  type: 'test'
  ...
# Subtest: NarrativeArrangement survives portable export/import as Story Unit-owned data
ok 13 - NarrativeArrangement survives portable export/import as Story Unit-owned data
  ---
  duration_ms: 44.911823
  type: 'test'
  ...
# Subtest: production sources keep Event/Canon/WorldState/Relation and browser storage out of narrative ownership
ok 14 - production sources keep Event/Canon/WorldState/Relation and browser storage out of narrative ownership
  ---
  duration_ms: 1.648066
  type: 'test'
  ...
# Subtest: local API exposes read/create/insert with token gating and no UI-owned order
ok 15 - local API exposes read/create/insert with token gating and no UI-owned order
  ---
  duration_ms: 380.985964
  type: 'test'
  ...
# Subtest: Provider Settings persists non-sensitive profile across restart and protects revision/credential boundaries
ok 16 - Provider Settings persists non-sensitive profile across restart and protects revision/credential boundaries
  ---
  duration_ms: 1215.96295
  type: 'test'
  ...
# Subtest: Provider Settings can select AMD Radeon Cloud with an isolated credential and a verified local OpenAI-compatible response
ok 17 - Provider Settings can select AMD Radeon Cloud with an isolated credential and a verified local OpenAI-compatible response
  ---
  duration_ms: 286.198725
  type: 'test'
  ...
# Subtest: event references are identity and version only; server eligibility governs consumer use
ok 18 - event references are identity and version only; server eligibility governs consumer use
  ---
  duration_ms: 1.680338
  type: 'test'
  ...
# Subtest: workspace registry has a single canonical deep-link order with a read-only legacy creation alias
ok 19 - workspace registry has a single canonical deep-link order with a read-only legacy creation alias
  ---
  duration_ms: 0.291653
  type: 'test'
  ...
# Subtest: grounded Tianyi transport preserves event identity only
ok 20 - grounded Tianyi transport preserves event identity only
  ---
  duration_ms: 0.207077
  type: 'test'
  ...
# Subtest: planned events have zero pre-apply Canon or Timeline effects
ok 21 - planned events have zero pre-apply Canon or Timeline effects
  ---
  duration_ms: 42.444759
  type: 'test'
  ...
# Subtest: Gateway, catalog owner and binding gate preserve stale data, expose unsupported, and block incompatible vectors
ok 22 - Gateway, catalog owner and binding gate preserve stale data, expose unsupported, and block incompatible vectors
  ---
  duration_ms: 23.117916
  type: 'test'
  ...
# Subtest: OpenAI-compatible Embedding probe uses only fixed synthetic text and returns no vector
ok 23 - OpenAI-compatible Embedding probe uses only fixed synthetic text and returns no vector
  ---
  duration_ms: 17.080463
  type: 'test'
  ...
# Subtest: Ollama native adapter maps /api/tags and /api/embed without guessing capabilities
ok 24 - Ollama native adapter maps /api/tags and /api/embed without guessing capabilities
  ---
  duration_ms: 1.412052
  type: 'test'
  ...
# Subtest: provider status and model profiles expose non-sensitive metadata only
ok 25 - provider status and model profiles expose non-sensitive metadata only
  ---
  duration_ms: 2.644
  type: 'test'
  ...
# Subtest: missing credential fails honestly before fetch and never falls back
ok 26 - missing credential fails honestly before fetch and never falls back
  ---
  duration_ms: 1.606474
  type: 'test'
  ...
# Subtest: invalid caller input is distinct from an invalid upstream response
ok 27 - invalid caller input is distinct from an invalid upstream response
  ---
  duration_ms: 0.352231
  type: 'test'
  ...
# Subtest: Gateway records only a safe local validation stage for a malformed tool continuation
ok 28 - Gateway records only a safe local validation stage for a malformed tool continuation
  ---
  duration_ms: 0.649475
  type: 'test'
  ...
# Subtest: Gateway wire-normalizes the native Pi tool continuation without retaining a legacy tool name
ok 29 - Gateway wire-normalizes the native Pi tool continuation without retaining a legacy tool name
  ---
  duration_ms: 23.738685
  type: 'test'
  ...
# Subtest: SiliconFlow adapter uses the fixed official endpoint and normalizes ordered SSE chunks
ok 30 - SiliconFlow adapter uses the fixed official endpoint and normalizes ordered SSE chunks
  ---
  duration_ms: 1.649498
  type: 'test'
  ...
# Subtest: Gateway normalizes fragmented native tool calls, mixed text and multiple call order
ok 31 - Gateway normalizes fragmented native tool calls, mixed text and multiple call order
  ---
  duration_ms: 2.106786
  type: 'test'
  ...
# Subtest: Gateway exposes malformed and duplicate completion frames deterministically
ok 32 - Gateway exposes malformed and duplicate completion frames deterministically
  ---
  duration_ms: 0.783027
  type: 'test'
  ...
# Subtest: Gateway emits an aborted tool frame when cancellation interrupts arguments
ok 33 - Gateway emits an aborted tool frame when cancellation interrupts arguments
  ---
  duration_ms: 1.145489
  type: 'test'
  ...
# Subtest: Provider Gateway enforces an explicit per-run output cap below the selected profile
ok 34 - Provider Gateway enforces an explicit per-run output cap below the selected profile
  ---
  duration_ms: 0.787897
  type: 'test'
  ...
# Subtest: an explicit product-path authorization applies a hard token cap without entering public metadata
ok 35 - an explicit product-path authorization applies a hard token cap without entering public metadata
  ---
  duration_ms: 1.374328
  type: 'test'
  ...
# Subtest: grounded JSON mode requests one provider-native JSON object without changing the profile boundary
ok 36 - grounded JSON mode requests one provider-native JSON object without changing the profile boundary
  ---
  duration_ms: 1.316394
  type: 'test'
  ...
# Subtest: minimal non-stream inference reuses the Provider Gateway and exposes only bounded response metadata
ok 37 - minimal non-stream inference reuses the Provider Gateway and exposes only bounded response metadata
  ---
  duration_ms: 1.358327
  type: 'test'
  ...
# Subtest: Gateway forwards a named required tool and parses non-stream tool_calls
ok 38 - Gateway forwards a named required tool and parses non-stream tool_calls
  ---
  duration_ms: 0.636609
  type: 'test'
  ...
# Subtest: Gateway rejects a named tool choice outside the declared allowlist
ok 39 - Gateway rejects a named tool choice outside the declared allowlist
  ---
  duration_ms: 0.170144
  type: 'test'
  ...
# Subtest: one large transport chunk may contain many individually bounded SSE events
ok 40 - one large transport chunk may contain many individually bounded SSE events
  ---
  duration_ms: 32.763332
  type: 'test'
  ...
# Subtest: upstream status errors map without response-body or credential leakage and do not retry
ok 41 - upstream status errors map without response-body or credential leakage and do not retry
  ---
  duration_ms: 1.417343
  type: 'test'
  ...
# Subtest: caller AbortSignal cancels an active stream without a second request
ok 42 - caller AbortSignal cancels an active stream without a second request
  ---
  duration_ms: 0.747298
  type: 'test'
  ...
# Subtest: profile timeout aborts one pending request and maps to timeout
ok 43 - profile timeout aborts one pending request and maps to timeout
  ---
  duration_ms: 51.092366
  type: 'test'
  ...
# Subtest: missing DONE, malformed JSON, and non-SSE responses fail closed
ok 44 - missing DONE, malformed JSON, and non-SSE responses fail closed
  ---
  duration_ms: 1.998564
  type: 'test'
  ...
# Subtest: server wiring keeps credentials server-only and exposes only bounded product routes
ok 45 - server wiring keeps credentials server-only and exposes only bounded product routes
  ---
  duration_ms: 2.123579
  type: 'test'
  ...
# Subtest: session credential stays in memory and model discovery exposes IDs only
ok 46 - session credential stays in memory and model discovery exposes IDs only
  ---
  duration_ms: 1.198063
  type: 'test'
  ...
# Subtest: model discovery counts as setup and is blocked before transport when the total budget is exhausted
ok 47 - model discovery counts as setup and is blocked before transport when the total budget is exhausted
  ---
  duration_ms: 0.256374
  type: 'test'
  ...
# Subtest: live catalog selection rejects JSON-incompatible families and creates a session-only profile
ok 48 - live catalog selection rejects JSON-incompatible families and creates a session-only profile
  ---
  duration_ms: 0.293175
  type: 'test'
  ...
# Subtest: Story Studio exposes storage providers without an author-facing token flow
ok 49 - Story Studio exposes storage providers without an author-facing token flow
  ---
  duration_ms: 1.388356
  type: 'test'
  ...
# Subtest: local file-manager commands reveal only the fixed project path without a shell
ok 50 - local file-manager commands reveal only the fixed project path without a shell
  ---
  duration_ms: 0.691969
  type: 'test'
  ...
# Subtest: automatic local storage session creates Markdown without exposing the control token
ok 51 - automatic local storage session creates Markdown without exposing the control token
  ---
  duration_ms: 321.519818
  type: 'test'
  ...
# Subtest: all Tianyi routes share token, same-origin, bounded JSON, and sanitized error middleware
ok 52 - all Tianyi routes share token, same-origin, bounded JSON, and sanitized error middleware
  ---
  duration_ms: 4.640761
  type: 'test'
  ...
# Subtest: Tianyi loopback transport rejects unauthorized, foreign-origin, unknown, oversized, and malformed requests
ok 53 - Tianyi loopback transport rejects unauthorized, foreign-origin, unknown, oversized, and malformed requests
  ---
  duration_ms: 342.737023
  type: 'test'
  ...
# Subtest: Tianyi Agent transport preserves an honest unconfigured run through Session/Archive and restart
ok 54 - Tianyi Agent transport preserves an honest unconfigured run through Session/Archive and restart
  ---
  duration_ms: 673.558944
  type: 'test'
  ...
# Subtest: Tianyi Agent transport streams Pi fake-provider events before its durable projection
ok 55 - Tianyi Agent transport streams Pi fake-provider events before its durable projection
  ---
  duration_ms: 722.440029
  type: 'test'
  ...
# Subtest: simulation fake adapter cannot expose native product tools or write an artifact
ok 56 - simulation fake adapter cannot expose native product tools or write an artifact
  ---
  duration_ms: 678.030953
  type: 'test'
  ...
# Subtest: Story Intake streams one allowlisted Pi tool into a durable candidate-only envelope
ok 57 - Story Intake streams one allowlisted Pi tool into a durable candidate-only envelope
  ---
  duration_ms: 706.416751
  type: 'test'
  ...
1..57
# tests 57
# suites 0
# pass 57
# fail 0
# cancelled 0
# skipped 0
# todo 0
# duration_ms 2976.409146
integration PASS: 12 test files

> world-os-deterministic-kernel@0.1.0 test:e2e
> node scripts/run-with-canonical-runtime.mjs --experimental-strip-types apps/story-studio/scripts/tianyan-r0-shell-smoke.mjs

[tianyan runtime] node=22.22.0 (/home/beelink/.cache/tianyan-runtime/node-v22.22.0-linux-x64/bin/node); npm=10
[tianyan runtime] node=22.22.0 (/home/beelink/.cache/tianyan-runtime/node-v22.22.0-linux-x64/bin/node); npm=10
[tianyan runtime] node=22.22.0 (/home/beelink/.cache/tianyan-runtime/node-v22.22.0-linux-x64/bin/node); npm=10
tianyan R0 shell smoke PASS: responsive rail plus real character directory and read-only inspector
[tianyan runtime] node=22.22.0 (/home/beelink/.cache/tianyan-runtime/node-v22.22.0-linux-x64/bin/node); npm=10
tianyan R0 shell smoke PASS: responsive rail plus real character directory and read-only inspector
[tianyan runtime] node=22.22.0 (/home/beelink/.cache/tianyan-runtime/node-v22.22.0-linux-x64/bin/node); npm=10
tianyan R0 shell smoke PASS: responsive rail plus real character directory and read-only inspector
[tianyan runtime] node=22.22.0 (/home/beelink/.cache/tianyan-runtime/node-v22.22.0-linux-x64/bin/node); npm=10
tianyan R0 shell smoke PASS: responsive rail plus real character directory and read-only inspector
[tianyan runtime] node=22.22.0 (/home/beelink/.cache/tianyan-runtime/node-v22.22.0-linux-x64/bin/node); npm=10
tianyan R0 shell smoke PASS: responsive rail plus real character directory and read-only inspector
[tianyan runtime] node=22.22.0 (/home/beelink/.cache/tianyan-runtime/node-v22.22.0-linux-x64/bin/node); npm=10
tianyan R0 shell smoke PASS: responsive rail plus real character directory and read-only inspector
[tianyan runtime] node=22.22.0 (/home/beelink/.cache/tianyan-runtime/node-v22.22.0-linux-x64/bin/node); npm=10
tianyan R0 shell smoke PASS: responsive rail plus real character directory and read-only inspector
[tianyan runtime] node=22.22.0 (/home/beelink/.cache/tianyan-runtime/node-v22.22.0-linux-x64/bin/node); npm=10
tianyan R0 shell smoke PASS: responsive rail plus real character directory and read-only inspector
[tianyan runtime] node=22.22.0 (/home/beelink/.cache/tianyan-runtime/node-v22.22.0-linux-x64/bin/node); npm=10
tianyan R0 shell smoke PASS: responsive rail plus real character directory and read-only inspector
[tianyan runtime] node=22.22.0 (/home/beelink/.cache/tianyan-runtime/node-v22.22.0-linux-x64/bin/node); npm=10
tianyan R0 shell smoke PASS: responsive rail plus real character directory and read-only inspector
[tianyan runtime] node=22.22.0 (/home/beelink/.cache/tianyan-runtime/node-v22.22.0-linux-x64/bin/node); npm=10
tianyan R0 shell smoke PASS: responsive rail plus real character directory and read-only inspector
[tianyan runtime] node=22.22.0 (/home/beelink/.cache/tianyan-runtime/node-v22.22.0-linux-x64/bin/node); npm=10
tianyan R0 shell smoke PASS: responsive rail plus real character directory and read-only inspector

> world-os-deterministic-kernel@0.1.0 build
> node scripts/run-with-canonical-runtime.mjs node_modules/vite/bin/vite.js build --config apps/story-studio/vite.config.ts

[tianyan runtime] node=22.22.0 (/home/beelink/.cache/tianyan-runtime/node-v22.22.0-linux-x64/bin/node); npm=10
vite v8.1.4 building client environment for production...
[2Ktransforming...✓ 2073 modules transformed.
rendering chunks...
computing gzip size...
apps/story-studio/dist/index.html                     0.69 kB │ gzip:   0.46 kB
apps/story-studio/dist/assets/index-DD1imfT3.css    537.83 kB │ gzip:  69.49 kB
apps/story-studio/dist/assets/index-CHF4KgJb.js   1,529.84 kB │ gzip: 433.99 kB

✓ built in 282ms
[plugin builtin:vite-reporter] 
(!) Some chunks are larger than 500 kB after minification. Consider:
- Using dynamic import() to code-split the application
- Use build.rolldownOptions.output.codeSplitting to improve chunking: https://rolldown.rs/reference/OutputOptions.codeSplitting
- Adjust chunk size limit for this warning via build.chunkSizeWarningLimit.
